Formula,Sites,Energy_Above Hull,Formation_Energy,Volume,Density,Band_Gap
NaNO3,20,0.012939741000000001,-1.350257228,268.85574931156384,2.099817011178254,2.7742
SrTeO3,120,0.003206168583333,-2.377819146,2270.903792588304,4.619314360035913,3.2315
NaClO3,20,0.41308131024999906,-0.700789753,523.6635832390654,1.35009875561626,1.202199999999999
KIO3,20,0,-1.366622997,350.6688937400874,4.053475826557709,2.7868
NaNO3,40,0,-0.994613893,479.7522399990449,2.353497613512432,3.0097
BaGeO3,30,0.32623320983333304,-2.369768002,580.7472411339012,4.42562197888616,2.2342
NbHO3,20,0.033637553535713,-2.474307037,235.8737322671157,3.996227663583836,2.6221
TiNiO3,60,0.015940109166665002,-2.580777558,624.0954126779501,4.934833773785957,1.4963
FeBiO3,5,0.43792711700000003,-1.236482167,132.00542267882287,3.935109620597321,1.6259000000000001
CaTeO3,90,0.013546894488890002,-2.397524383,1591.5480799717564,4.050457341608824,3.152199999999999
VHO3,30,0.048751406749998005,-1.937564763,362.9160286664567,2.743890284113196,2.1077
NbHO3,20,0.045080743035713,-2.462863847,240.27639176242732,3.9230035339077913,2.531
SrTeO3,30,0.031557382666666,-2.349467932,632.3339984652432,4.147340853419161,3.174
NaNO3,40,0.009446822,-1.353750147,533.4132294446556,2.11673743654711,2.571399999999999
LiNbO3,50,0.010056417400003001,-2.889461234,559.9273656950107,4.384557291808807,2.9621
TiNiO3,40,0.020319030499999002,-2.576398636,414.1901770745118,4.957154613212025,2.3354
LiNbO3,70,0.006859243142860001,-2.892658409,778.319584001562,4.415984295457482,3.0192
KNO3,10,0.011764387500000001,-1.410374209,179.0882268732527,1.8748950338500072,3.0629
LiNbO3,60,0.008015285666669,-2.891502366,669.8987539597193,4.397739687610721,2.9794
BaGeO3,30,0.45118400616666604,-2.244817205,567.9852833160062,4.525060472578735,1.4284000000000001
LiNbO3,40,0.010854103250004,-2.888663548,445.40877225707146,4.409493062654657,3.0381
TiNiO3,50,0.020012813999999,-2.576704853,516.7503733668699,4.966626181744278,1.708199999999999
VHO3,30,0.022129907083330003,-1.964186263,341.85945458103134,2.912898127176999,2.071399999999999
KClO3,10,0.050930346875001004,-1.148729709,185.02780731565468,2.199650261164601,5.4717
BaCO3,10,0.015460144000002,-2.667319117,158.4914239428948,4.135037253633823,4.4436
KNO3,10,0.007036090500000001,-1.415102506,155.52289971226747,2.158985125707373,3.5471
SrSeO3,10,0,-2.315657463,153.21182131644215,4.651279266562305,3.7027
BaCO3,10,0.035359590000001,-2.647419671,151.32585039685978,4.330839315732281,4.354299999999999
KNO3,10,0.007499554500000001,-1.414639042,172.7027645944071,1.944216862852343,2.976499999999999
BaSeO3,10,0,-2.318079119,176.75970785828287,4.96556488626975,3.886599999999999
BaSO3,10,0.06942532750000001,-2.599932525,171.06198078454176,4.220516074236972,4.4264
CsClO3,10,0.06489169462500201,-1.154319856,236.14650286890378,3.042760899983975,5.5682
KPO3,10,0.245941546,-2.439726506,201.794081320203,1.943171785535104,3.3136
TiMnO3,10,0.199470641999999,-2.755133414,113.83843812847203,4.399474971888604,1.3274
MgCO3,60,0.31464865683333204,-2.127382018,546.6588860031457,3.073357706338463,4.8023
SrCO3,10,0.036157646,-2.662804632,140.84579421162286,3.4810206038648612,4.2823
BaCO3,10,0.033765908000001,-2.649013353,167.4391229382875,3.9140669807909143,4.0287
LiVO3,10,0.111348965000007,-2.316607729,109.48133773155732,3.211854045482234,2.0933
LiNbO3,10,0.055166170000003005,-2.844351482,125.0137888789659,3.9276205227540713,3.4857
RbNbO3,20,0.024319368,-2.814731651,351.06995002341193,4.282909210134933,2.8197
CaSiO3,10,0.24373002783333403,-3.204318187,94.00639676203232,4.103785434537042,3.514599999999999
NaNbO3,10,0.030859024999998003,-2.81396374,124.81392265583447,4.3609392924035895,1.5604
MgSiO3,80,0.020657474666670003,-3.21037992,873.6374877360022,3.052970790018315,4.6316
MgSiO3,80,0.01051417991667,-3.220523215,887.8358053691328,3.004147518035803,4.7926
MgSiO3,40,0.021623114416669,-3.209414281,436.5315647670951,3.054979234486786,4.4998000000000005
MgSiO3,80,0.016838666291670003,-3.214198729,876.3740558702989,3.043437574694401,4.5845
MnCO3,20,0.029906560500000002,-1.983078076,222.95507445916135,3.424436841759954,3.7996
LiPO3,100,0.0025110323333320003,-2.700216261,1212.1365465148035,2.353890411744613,5.7828
SnGeO3,60,0.039728433999997,-1.906145925,970.7966069728828,4.912835917624815,2.281099999999999
SiSnO3,60,0.029296765500003003,-2.586283002,911.6581951128397,4.257681887947367,2.6768
CaSiO3,20,0.243724608333334,-3.204323607,187.86589811423534,4.106994251301068,3.724199999999999
MgSiO3,80,0.010191609166669,-3.220845786,874.8657585325333,3.04868456115695,4.8602
KNO3,20,0.013152605000001,-1.408985992,315.2832078512625,2.129968351147125,2.9530000000000003
KNO3,20,0.04636575850000001,-1.375772838,342.9553556651237,1.958106917645145,3.1418
ScMnO3,20,0.049973920562498005,-2.941352322,218.73503434359637,4.49092583781479,1.7979999999999992
MgSiO3,40,0.30047063966666904,-2.930566756,516.8651038561686,2.580160385392563,3.050099999999999
MgSiO3,40,0.29466539991667,-2.936371995,499.1010859598058,2.671993516096853,3.273199999999999
KAsO3,120,0.002884352749998,-1.936051058,2092.85185185622,3.085214666955281,3.1596
LiNbO3,40,0.013330627000003,-2.886187025,486.2850493830286,4.038838730092427,3.1296
HNO3,40,0.002868965124999,-0.887443396,421.3961537077176,1.9864496957165951,3.8973999999999993
FeBO3,40,0.09194137625000201,-2.178420956,402.110928972674,3.787766300929518,1.517599999999999
MnSeO3,40,0.007921510250000001,-1.642958424,590.79741054001,4.09000873059703,3.3754
MnSeO3,40,0,-1.650879935,571.6395348681684,4.227080913289214,3.099599999999999
CsPO3,20,0,-2.673982259,371.02901781186864,3.793026488181845,5.422300000000001
AlFeO3,20,0.210626289,-2.356194892,197.90872811237276,4.390702550514783,1.360799999999999
KCO3,20,0.051536653375002,-1.479827735,329.3538354723892,1.998718215929988,1.488499999999999
MnSiO3,40,0.017891537666672,-2.779968236,461.88819584845714,3.76830112745268,2.875499999999999
AgPO3,40,0,-1.958048158,523.544804128728,4.7408418269331225,2.0232
CsNbO3,40,0,-2.832048804,769.5758857758333,4.7264709115834425,3.3517
MnSO3,40,0.072435846071429,-1.872217545,566.8840743222142,3.163607538351383,4.1546
SbAsO3,20,0,-1.697553926,328.7660241411086,4.943337655030774,3.509899999999999
LiPO3,60,0,-2.702727293,703.0385066061369,2.435061437820981,5.7219999999999995
HgClO3,40,0.04271014150000001,-0.46223136,781.0536097755594,4.831028274839969,3.066099999999999
RbCO3,40,0.057108608750000005,-1.724141092,665.1907820163016,2.905268685748301,3.9411
KCO3,40,0.07472166549999801,-1.735766983,644.8000084546517,2.041828479570715,4.1733
KCO3,20,0.060309910375002,-1.471054478,300.7664491449145,2.188693294470153,1.2657
MgSiO3,40,0.007678037916668001,-3.223359357,414.5371506675578,3.217069600188835,4.7797
RbPO3,20,0,-2.681060582,330.3261195543584,3.306534152028769,5.1118999999999994
NaPO3,40,0.012073410750000001,-2.633496923,510.7728274098804,2.651847224484299,5.208699999999999
KPO3,40,0,-2.685668052,641.5459608291362,2.44484784723836,5.1269
MgSiO3,40,0.108532085416669,-3.12250531,441.3797870132442,3.021422604296746,3.788599999999999
TcO3F,20,0.021290894375002003,-1.926119504,300.9302824080249,3.641817676539584,2.444499999999999
CaCO3,20,0.0008676930000000001,-2.686676765,244.95879367681044,2.713896574072206,5.0106
CdSO3,40,0.09623067275000001,-1.632222597,624.5645595014557,4.093872104016965,3.2188
KPO3,60,0.0036307173333320003,-2.682037335,1005.7576849014606,2.339254700387278,5.243
KPO3,40,0.00042897149999900004,-2.685239081,641.9825133506407,2.443185333898494,5.216
CaSeO3,20,0,-2.306927036,284.23135478673646,3.9034417697445982,4.2602
NaPO3,40,0.007900110499999,-2.637670223,505.43098701036615,2.679874284560059,5.158
CaTeO3,60,0.013229042933333001,-2.397842235,1069.212964582537,4.019465917819278,3.297499999999999
CdSiO3,60,0,-2.535608516,766.931992499724,4.897479561547846,2.8901
SrSiO3,40,0.036027445500000005,-3.405199028,565.4296903578274,3.846085818732822,4.8212
LaMnO3,20,0.42006592852380803,-2.715198872,332.11459568010025,4.836735523395796,1.6926
CaSiO3,60,1.4276166666604692e-05,-3.448033939,797.3329242079571,2.90304391106308,5.1355
CaMoO3,20,0,-2.619377736,251.53959017651147,4.859133129267733,1.105
RbPO3,40,0.0024709204999990002,-2.678589662,710.7564179441404,3.073442794292052,5.0926
ZnSiO3,40,0.058844105166671004,-2.635991705,457.4908908673707,4.108569777960076,3.3367
MgSiO3,40,0.125716575166669,-3.10532082,391.20602870805635,3.408932295766626,5.1709
CaSiO3,60,0.350361400999999,-3.097686814,1157.9363364694277,1.998980788330364,3.0437
ScFeO3,20,0.138111688874998,-2.699800308,201.36983821600379,4.908118132097733,1.2694
MgSO3,40,0.05739550142857101,-2.274181339,511.06165747636624,2.712901206739214,4.9221
MgSO3,20,0.07342707442857101,-2.258149766,248.29017437019598,2.792015009862193,5.0797
YSeO3,40,0,-2.499224003,621.1035251012897,4.6169525512326075,1.836899999999999
LaAlO3,40,0.057118826749999005,-3.665347736,569.581153201603,4.988433941703543,4.4777000000000005
CuPO3,40,0.088344154750001,-1.920938613,527.1976932446773,3.591163567301569,1.7481
AgPO3,20,0.045444828500007,-1.912603329,264.7268375552521,4.6879325281271225,2.287
BaSiO3,40,0.038919864249999006,-3.365093342,643.3305773691544,4.406777069787621,4.9408
AgClO3,20,0.048604945499998005,-0.396924448,309.0459323760985,4.111923887247284,3.113099999999999
LaAlO3,60,0.035810256333331,-3.686656307,942.8090747140237,4.520509029965628,4.2491
CdSO3,20,0.096276929749999,-1.63217634,300.59403038203004,4.253057560808945,3.334699999999999
ReClO3,20,0,-1.857124685,382.57011136113016,4.681787337080834,3.5834
CaSiO3,10,0.241314701833333,-3.206733513,93.95182669325759,4.106169037509772,3.6891
CaTiO3,10,0.017396585500002,-3.538690572,112.41312515722095,4.016239102380592,2.2434
TaHO3,20,0.07708952375000201,-2.649505566,307.8120957223327,4.9620874428036785,2.9434
SbHO3,20,0.027953794749986,-1.579670966,291.3018060569421,3.8937464969517612,1.416
RbNO3,45,0.017042036888889,-1.404051305,678.5479925443076,3.248049718928205,3.248199999999999
CsNO3,45,0,-1.414554425,782.5278761941025,3.722431331775072,3.2965
RbNO3,45,0.039445733111111006,-1.381647608,870.4031761296334,2.5321111835356973,3.1337
KIO3,40,0.001063786999999,-1.36555921,704.0856635733552,4.037656090559175,2.8533
KIO3,5,0.006163047999998001,-1.360459949,92.38239400710273,3.846587597069343,2.529499999999999
FeBiO3,5,0.588621641000001,-1.085787643,119.2804837913782,4.354910310918767,1.1601
FeBiO3,5,0.44027724500000004,-1.234132039,128.43770899214786,4.044418207321099,1.7789000000000001
NaNbO3,10,0.003141929999998,-2.841680835,129.43938864437823,4.205102830362381,3.837399999999999
LiNbO3,10,0.020706871000003003,-2.878810781,117.21291827347063,4.189015426462623,3.684
AlVO3,20,0.019815870624997,-2.96073348,186.1127752626733,4.493987813890738,1.569
AlFeO3,20,0.032552852499998,-2.534268328,193.12520973604154,4.499455863270265,2.1792
CdSO3,30,0.09906163908333301,-1.629391631,451.7822968281786,4.244667362884329,3.0449
TiMnO3,10,0,-2.954604056,107.83263051258717,4.644506556173096,2.004899999999999
TiFeO3,10,0.012041214999998,-2.717671578,102.67577859097742,4.907110856305436,2.7436
MgGeO3,10,0.031802013000004,-2.53393594,101.02990576537422,4.764605969186327,3.633899999999999
MgTiO3,10,0,-3.362936646,102.5186191467851,3.8928989368345963,3.529499999999999
NaSbO3,10,0,-2.056832527,128.83098377675014,4.9687664196043855,2.7012
FeSO3,30,0.105119724025639,-1.648084415,384.9725636587033,3.517355212430613,2.7701000000000002
KSbO3,10,0,-2.049127173,153.64624010469555,4.514453166273659,2.6808
MnSO3,30,0.072606875238095,-1.872046515,403.6738695338799,3.332019111680299,3.339
MgSiO3,10,0.11707234016666901,-3.113965055,90.81105492543924,3.671345043443368,5.7928
TiSnO3,10,0.0021027584999990002,-2.754611474,156.7978330522059,4.544839624216931,1.1086
CaTiO3,10,0.028352689,-3.527734469,124.95341697913328,3.613170410158765,3.570599999999999
MgSO3,30,0.04840998342857,-2.283166857,366.17673124008184,2.839734892336902,5.009399999999999
CuPO3,30,0.027981132833335,-1.981301635,516.1115298012884,2.751226778649929,2.0492
TiGeO3,10,0.06877411550000301,-2.683055855,142.2873660627807,3.9330191466442272,1.1348999999999991
LiAsO3,10,0,-1.984634626,94.39200396968975,4.569008444596072,3.385799999999999
NaVO3,20,0.042872946,-2.332874733,316.5071104649094,2.558787975560403,3.2243
MnGeO3,20,0.012176887999999001,-2.123705891,236.28735002760635,4.935536565209603,1.1435
VAgO3,20,0.011701726000012002,-1.743254704,287.6306546239166,4.7757440552437025,1.9488
SrTeO3,120,0.0043323338333330005,-2.376692981,2262.2976675373766,4.636886935741783,3.3726000000000003
MgSiO3,20,0.40248599716667005,-2.828551398,217.49262407096256,3.065839292845121,2.2265
CoCO3,10,0.421501476999998,-1.244202776,239.14484629654737,1.6517855054742192,1.5474
CaCO3,30,0.007298891666666,-2.680245566,376.2607498876414,2.650261146612592,4.9216
MnBO3,20,0.020367710552088,-2.408723778,181.03091068377702,4.17346945507131,1.3314
SrGeO3,30,0,-2.743115335,480.6018637681073,4.31734751498995,3.4179
CaSiO3,30,0.020327960500000002,-3.427720254,410.09472876363435,2.8221436760360623,4.7336
FeSiO3,20,0.01821575466667,-2.574583753,233.00914797180513,3.760758103493171,1.452199999999999
NaVO3,20,0,-2.375747678,276.591046048342,2.928057867409888,3.2386
LiVO3,20,0,-2.427956694,231.8214352176776,3.033697700712837,3.0342
LiVO3,20,0,-2.427194401,293.78309915898933,2.393861855937532,2.8357
SrSiO3,30,0,-3.441226473,447.8557103265806,3.641838872596811,4.6251
MgSiO3,20,0.019268999666670002,-3.211768395,201.48154164904648,3.309471564110922,4.5304
MgGeO3,20,0.011727870000003,-2.554010083,217.50525204727657,4.426262699821197,2.5261
LiAsO3,20,0.035774916999996,-1.948859709,229.1600080770351,3.7639888989258443,2.9408000000000003
CaSiO3,60,0.020230711166667,-3.427817504,819.3157372160958,2.8251532169722333,4.707999999999999
FeSiO3,20,0.084083833666671,-2.508715674,230.27623832947737,3.805390637696693,2.9807
ZnSiO3,20,0.05023560116667,-2.644600209,234.7613099162203,4.003285823759669,3.4371
NiSeO3,80,0.06596378,-1.18914056,1093.2087541890753,4.511954129829118,3.0748
MgSiO3,20,0.191289210666671,-3.039748184,194.44017702385622,3.429319202373175,5.0422
MgSiO3,20,0.009410846166669,-3.221626549,215.11685793979493,3.099698643643108,4.544399999999999
VAgO3,20,0.023145989000012003,-1.731810441,293.51845214034967,4.679945601066319,1.918899999999999
CaCO3,10,1.872706779999999,-0.814837678,118.88023144734049,2.7960613083212023,1.5162
LiVO3,20,0.000762292500001,-2.427194401,272.33946013428664,2.582351285594247,2.7113
NaSeO3,40,0.074092650749999,-1.497195065,800.7986900801808,2.487461221214992,3.097299999999999
BSbO3,20,0.047189438666666,-2.227707467,313.2766235360048,3.828465813252713,3.7211
LiNbO3,20,0.035907200000004004,-2.863610452,252.98420898728443,3.8817183475111703,3.4233000000000002
CoBO3,20,0.199436286222223,-1.937578791,231.93289533114293,3.371938187783153,1.0669
CaGeO3,30,0.030071428999999,-2.719910516,438.5384044777961,3.651340808611135,3.413499999999999
BaSiO3,30,0,-3.404013206,518.5696943364608,4.100241203264657,4.6708
CaCO3,15,0.008233730666665,-2.679310727,185.64780423579597,2.685701698782225,5.662
RbSO3,30,0.007402475854163,-2.077418668,572.7515827231946,2.879475505870826,5.0206
KSO3,30,0.012870133793858,-2.07382221,512.648739732601,2.315881936093708,4.9772
KSO3,30,0.010801598460523,-2.075890745,531.65818069242,2.233077565667677,4.995
SrCO3,5,0.031704978,-2.6672573,74.53905776639496,3.288793327351459,4.5332
NaNO3,5,0.011083451000000001,-1.352113518,62.10209025539654,2.27266052412962,2.8579
BaCO3,5,0.049050461000001,-2.6337288,88.92776224512441,3.6848332052866493,4.1409
RbNO3,5,0.034432865999999,-1.004698469,99.17254870019707,2.469273834509157,3.6119
KNO3,5,0.029374414,-1.392764183,86.26040384144711,1.9462674195383871,3.0153
RbNO3,5,0.021033902,-1.40005944,101.42668501949434,2.414395970448158,2.981499999999999
AgClO3,5,0.092817574499997,-0.352711819,76.84405818753127,4.134260284941861,2.7117
RbNO3,5,0,-1.421093342,95.30445599134761,2.569493493874137,3.0415
RbNO3,5,0.002894118,-1.036237217,85.3433628690583,2.869399228885623,3.6337
KBrO3,5,0,-1.044634649,83.95967616702733,3.302905240368695,3.8569
RbClO3,5,0.065171114000001,-1.144268821,95.64282469113215,2.932751092377686,5.3288
RbIO3,5,0,-1.372529544,92.3005840532074,4.684210199306742,2.8369
RbBrO3,5,0,-1.052957117,88.91758517584954,3.9846923411126793,3.9953000000000003
CsBrO3,5,0,-1.058973332,99.77612005813248,4.340530525699314,4.1681
BaCO3,5,0.021844735000001003,-2.660934526,75.0831109614839,4.364283352094535,4.3635
KClO3,5,0.06199335787500101,-1.137666698,89.1498594092199,2.28265342975124,5.0728
KIO3,5,0.006770148499999001,-1.359852849,87.36269032913107,4.067605629319784,2.568199999999999
KNO3,5,0.0026409535000000003,-1.419497643,74.61614758460318,2.249993051470205,2.9813
KNbO3,5,0,-2.85212768,66.42558683114697,4.499799378518349,2.2934
CsClO3,5,0.068161465625002,-1.151050085,109.0794275572189,3.293642814638612,5.465800000000001
AgNO3,5,0.031171343000002003,-0.649492202,66.94305711049056,4.21374420425511,1.7204000000000002
KIO3,10,0.001404900499999,-1.365218097,175.49877238480562,4.049680418232495,2.8548
TiFeO3,10,0.031773749999999004,-2.697939043,102.29482436671371,4.925385335207109,2.052199999999999
TiMnO3,10,0.036319112499999,-2.918284944,106.62481101239541,4.697118378262631,1.7771999999999992
LiNbO3,40,0,-2.899517652,429.06236195769645,4.577485851594526,3.3358
NaNbO3,10,0,-2.844822765,121.69003756668431,4.472888253079711,2.5048
AgNO3,10,0,-0.680663545,125.10450403344892,4.509524594558627,1.853899999999999
CsAsO3,10,0.10051655749999401,-1.788139333,219.97981958535757,3.862243598557912,2.192
GaBO3,10,0.003771963166665,-2.529754526,85.93315290339086,4.967413209102039,3.8638999999999992
MnCO3,10,0,-2.012984637,102.17288915450139,3.736292363626721,3.2291
VBO3,10,0,-2.726639266,89.69635938619571,4.063605840500683,1.874699999999999
FeBO3,10,0,-2.270362332,90.18607292723622,4.222110400646406,1.481599999999999
NaNO3,40,0.0012383167500000002,-0.993375576,479.47577927109955,2.354854615662652,3.5713
SrCO3,10,0.023224608,-2.67573767,148.78143430174455,3.2953514255281,4.6569
RbNO3,10,0.023134585000000003,-1.397958757,182.09644394540166,2.689609684859149,3.0358
CaCO3,10,0,-2.687544458,122.9495072208524,2.703519704858185,4.999499999999999
CdCO3,10,0,-1.754963527,115.52902720431366,4.956502910786648,2.6226000000000003
NaNO3,20,0,-1.363196969,240.02135177682453,2.352073562532149,2.9451
MgCO3,10,0,-2.442030675,92.55709187868767,3.025300863741853,4.9603
LiNbO3,10,0.033008032000003004,-2.86650962,111.44215867790756,4.405933343837936,2.275
BaCO3,10,0.049906871000001005,-2.63287239,177.2171227211266,3.698107340432591,4.159499999999999
AlBO3,10,0.030454673153846003,-3.118357857,81.46986382228383,3.497216426150522,5.8392
LiNO3,10,0,-1.386762499,92.80084348909155,2.467377582518515,2.9369
ScBO3,10,0,-3.436941157,100.67384890531,3.423054231058334,4.118
ZnCO3,10,0,-1.82201475,93.45393807406116,4.456983341587755,3.5639000000000003
NaNbO3,40,0.042480686749998005,-2.802342079,519.1161887785881,4.1940972084074755,1.7575
LiIO3,10,0.0008651204999980001,-1.385046749,131.047417289717,4.608385640769319,3.686099999999999
CaCO3,90,0.008068315000000001,-2.679476143,1174.5909952235652,2.54690164613275,4.9434000000000005
AlCrO3,30,0.35214237549999905,-2.544427013,306.4745698006157,4.12787933393825,1.1578
YCrO3,30,0.157926261166666,-3.033086389,385.45425811357677,4.882697318692063,1.3989
YVO3,30,0.08072150666666801,-3.184956397,394.4852380193316,4.7442820800307555,1.1014
YScO3,30,0.019936197083330002,-3.941366085,402.56854913574466,4.50088173355385,3.1392
ScGaO3,30,0.00453056070833,-3.114334094,328.43508193907246,4.934887554450265,3.1715
CsSO3,20,0,-2.072047675,402.87071972123016,3.511228283711384,5.111499999999999
CaNiO3,10,0.07267682124999901,-1.752755917,111.93005701039907,4.354802652635339,1.2293
SrGeO3,15,0.112676463333333,-2.630438872,248.667874130049,4.172081475135839,3.0028
KAsO3,20,0.010709009749999,-1.928226401,351.1743477497046,3.064430944575242,3.3848000000000003
BaGeO3,20,0,-2.696001212,345.7138411355125,4.956252732217032,3.5519
HIO3,20,0.016353290499998,-0.897171053,269.5166969553945,4.335262986437991,3.1022
BrNO3,20,0,-0.536110497,322.4671988112441,2.923029358854789,2.208
AgNO3,40,0.005029588000001001,-0.675633957,537.0054543267189,4.20228013166999,2.0027
PNO3,20,0.7339945037500001,-1.083190377,331.25861441477997,1.864340353943208,1.807599999999999
BaSiO3,20,0.022031850500000002,-3.381981356,335.46476985200644,4.22550248405267,4.5344999999999995
INO3,20,0.080938732428567,-0.586730331,389.90415996878465,3.218138415931831,1.9762
NClO3,20,0,-0.521597101,317.0995060042593,2.041411572512792,3.0976
BaCO3,10,0.104496795000001,-2.578282466,149.78570995693735,4.3753702711277125,3.976
GdBO3,10,0.143536840333331,-3.355493508,157.43763671055578,4.557674388341321,2.2691
ScGaO3,10,0.017611347374997,-3.101253308,110.7344127232281,4.878911497780485,2.6997
YScO3,10,0.030876317749997002,-3.930425964,138.94105351591026,4.346959576160271,3.2044
SrTiO3,30,0.039102471333333,-3.51255982,381.021066927438,4.797913331143005,1.7362000000000002
YAlO3,10,0.102225660549997,-3.628848293,121.03513647008225,4.496849927381268,3.4964999999999993
NaBrO3,20,0.132193780999999,-0.866867695,470.7613416419403,2.128993930994647,4.5929
NaClO3,20,0.034847359249999,-1.082864029,299.3654104053254,2.361654110725001,5.633199999999999
NaBrO3,20,0,-0.999061476,292.7753204813731,3.423266816529206,4.4812
NaClO3,20,0.029885637749999003,-1.083985425,274.48534010952795,2.5757206261379952,6.3141
NaClO3,20,0.068452242749999,-1.04541882,379.5023232314643,1.862959747051154,5.7061
AgClO3,20,0.031584152499997,-0.413945241,291.05972332883755,4.366022674178715,3.1001
CaMoO3,20,0.009694809500002,-2.609682927,251.89585819007442,4.852260631561575,1.1411
MnCO3,20,0.030299366999999,-1.98268527,223.19762703076924,3.420715449318076,3.080899999999999
CaCO3,10,0.006686683999999001,-2.680857774,120.1538154729379,2.766424138641219,4.8573
VAgO3,40,0.07809851700001201,-1.676857913,609.6622395004396,4.506266912812578,1.7207
TiFeO3,10,0.075248778999998,-2.654464014,161.9896577618398,3.110330836948588,2.590099999999999
TiCoO3,10,0.129342192500002,-2.495839099,168.77986080467417,3.045965094638345,2.2549
TiCdO3,10,0.16593305600000002,-2.505527915,195.3942757687807,3.54002966957186,2.776399999999999
TlSbO3,10,0.758883665999996,-0.953783782,260.24884551350834,4.774480946960252,2.006799999999999
MnSiO3,50,0.29550411996667203,-2.502355654,609.8634474858729,3.567466242541827,1.1731
MnSiO3,50,0.11685922296667,-2.681000551,638.2667983305516,3.408711321279282,1.9295
CaCO3,20,0.002730832500001,-2.684813626,233.29606311051344,2.849567292669833,5.0381
KAsO3,30,0.0052658590833320005,-1.933669552,525.9776900948693,3.06899767362125,3.148799999999999
CaCO3,50,0.004693754999999001,-2.682850703,572.3887566898225,2.903589663399904,4.925530420313324
CaCO3,90,0.008156122,-2.679388336,1170.318280569606,2.5562001285766263,4.956399999999999
CaTeO3,90,0.015494025600001002,-2.395577252,1605.3326258044688,4.015677188280242,3.1072
TiFeO3,20,0,-2.729712793,219.16653632662977,4.597795231408048,2.2487
CaGeO3,30,0,-2.749981945,436.38233200713995,3.669381308468726,3.481299999999999
NaAsO3,30,0,-1.884905668,419.5407583073476,3.4650536594977,2.8628
SrSiO3,30,0.017019436333333002,-3.424207037,425.6098140634538,3.832191555006368,4.3766
CaTeO3,90,0.011534739155556,-2.399536539,1546.9130639096422,4.167330249802311,2.960699999999999
RbNbO3,20,0,-2.839051019,354.33464490495084,4.243448231713888,3.3093
CaSiO3,30,0.022951270500000003,-3.425096944,390.2425615855172,2.965709943717648,4.733700000000001
CaSiO3,30,0,-3.448048215,398.6826269045318,2.902926205593484,4.8413
SrGeO3,60,0.0018847388333320001,-2.741230597,901.2435295489332,4.604582877343405,3.3373
MnSiO3,50,0.008882381366671,-2.788977392,578.7322873198204,3.759367343304468,2.959799999999999
MnSiO3,70,0.00878835530953,-2.789071418,845.7293596037858,3.6015471515372592,2.6058
TiZnO3,10,0.09579140549999801,-2.725401511,148.20580247472665,3.613922060579641,3.1234
FeSiO3,90,0.023068397888893002,-2.56973111,1045.1464962152727,3.7729731675733493,2.7187
SrTeO3,120,0.0065543974999990005,-2.374470918,2262.2976675373766,4.636886935741783,3.4208
TiMnO3,10,0.20041239499999802,-2.754191661,113.56933258435684,4.409899644458129,1.2289
BSbO3,10,0.048014838166666005,-2.226882068,155.7272770647208,3.85086307904932,3.762
NaSbO3,30,0.065655286666667,-1.991177241,426.44615616793357,4.503248933558902,2.2389
LaAlO3,30,0.031164611333331003,-3.691301952,467.7644710119816,4.555686889341703,4.4431
LaAlO3,30,0.042760157666664,-3.679706405,426.7858281918373,4.99310972184221,4.1704
MnAlO3,10,0.046342811187500006,-2.673892615,97.49613700077627,4.425479034357374,1.2511
CaGeO3,30,0.020911527666665,-2.729070418,418.57112569596745,3.825522292658277,3.58
NaPO3,30,0,-2.645570334,372.31633924451404,2.728509392289949,5.1185
MgCO3,10,0.378061633,-2.063969042,90.76659996550487,3.084978947238792,5.4366
CaCO3,10,0.309852612,-2.377691846,104.7489959704011,3.173265885699786,5.7242
KSbO3,60,0.018391050666664,-2.030736123,884.6548224253007,4.704402694997494,2.0039
CaSiO3,20,0.24374655233333403,-3.204301662,188.03765431473482,4.1032428658105,3.556599999999999
CaSiO3,20,0.24370487483333303,-3.20434334,187.989360397809,4.10429697690311,3.529899999999999
CsNO3,40,0.021673316333334,-1.392881109,805.4727175306276,3.214571982593777,3.276399999999999
KPO3,240,0.009890444624998001,-2.675777608,4158.237430130767,2.26319293343707,5.0617
MgSnO3,5,0.6298747759999971,-1.866468147,65.21888912494153,4.863389810713269,1.308399999999999
MgGeO3,5,0.5249547200000031,-2.040783233,51.40303697478925,4.682288444475782,1.5499
MgTiO3,5,0.45547797899999704,-2.907458667,56.73341366101276,3.517280185772856,1.909799999999999
MgSiO3,5,0.46725523316666906,-2.763782162,43.8830602686278,3.798717709629779,2.9292
MgZrO3,5,0.667561955,-2.835932366,70.61532784659279,3.8453875714012353,1.0257
NaNbO3,5,0.044339023999997,-2.800483741,64.44912652017267,4.222756528581366,1.5249000000000001
CaZrO3,5,0.191893085,-3.478281985,71.99498215571205,4.135496361472064,3.2122
CaTiO3,5,0.064467598,-3.49161956,58.83985762289643,3.836497971925326,1.8284999999999991
CaSiO3,5,0.24421781783333402,-3.203830397,46.96632581831585,4.10700725534391,3.4579
KNbO3,5,0.007730227999999,-2.844397452,65.41101790884895,4.569594296132727,1.412099999999999
KSbO3,20,0.044722969999998,-2.004404203,300.17961160744926,4.621424829037074,1.121299999999999
NaSbO3,20,0.055137247000001006,-2.00169528,280.07343441656303,4.571165896744238,1.4696
KIO3,20,0.004811488999998,-1.361811508,350.7761625367812,4.052236256938161,3.5428
NaNbO3,20,0.0024077749999980003,-2.84241499,241.49733830344042,4.507759326646763,2.3684
MgSiO3,80,0.018486247291669002,-3.212551148,851.1953505444209,3.133463698335612,4.800600000000001
MgSiO3,80,0.01116162841667,-3.219875767,889.7182633334282,2.997791369517442,4.831
CaTeO3,40,0.027080403100001003,-2.383990875,743.2879959459007,3.854643236960351,3.5191
NaNbO3,40,0.001815199499999,-2.843007566,482.5297952992486,4.512102215045941,2.4098
NaNbO3,20,0.0036448904999980005,-2.841177875,240.47507264074594,4.526921926431923,2.232599999999999
LaFeO3,20,0.291892885500006,-2.561032919,333.39107148475915,4.836286084147502,1.766
CsClO3,10,0.071620677625002,-1.147590873,211.65529271955867,3.394847047597858,5.1356
CaZrO3,40,0.025365376749999002,-3.644809693,542.7856698013446,4.388251250010517,3.744799999999999
NaNbO3,20,0.0028805844999970002,-2.841942181,240.3429142597092,4.529411164255803,2.3501
MgSiO3,40,0.011876652916669,-3.219160742,446.77388918539316,2.984943609827008,4.6372
AlFeO3,40,0.043955834999999006,-2.522865346,410.0410451498143,4.238396948650082,1.9962
LiIO3,20,0.0016667354999980002,-1.384245134,280.60285007168596,4.304425531982681,3.6546000000000003
MgSiO3,40,0.012639097166668,-3.218398298,419.76052030751345,3.177037384517528,4.9148
NaIO3,20,0.13328705200000301,-1.185296827,355.2514108029106,3.700006433939443,3.395599999999999
TeHO3,40,0.026162637999999003,-1.357881141,482.5596110960229,4.8617644432422065,2.1229
TeHO3,40,0.032190362999999,-1.351853416,491.28760424484193,4.775392537284972,2.1525
MgSiO3,40,0.449162640166669,-2.781874755,407.75547752521015,3.270574986890391,1.4453
MgSiO3,40,0.146289650166669,-3.084747745,540.679245915951,2.466517580681851,4.308
MgSiO3,40,0.28947991866667,-2.941557476,415.78466050652224,3.207417185465358,2.5861
AlGaO3,40,0.028743235249999003,-2.819030603,394.62822780999744,4.871107205336525,3.4263999999999992
AlGaO3,40,0.027670599999999,-2.820103238,399.14955897707586,4.815930171239055,3.5313
BaCO3,10,0.07582380200000201,-2.606955459,173.1642522391652,3.784660713229556,4.0966
LiTeO3,20,0.06271661574999901,-1.750682788,247.8468270134616,4.891948409239831,2.1534
MnClO3,10,0.361621988861111,-0.840291031,204.6770351595788,2.245496154862825,2.0431
CdGeO3,10,0.118640521749999,-1.761561389,154.93044510132876,4.995626273283812,1.723999999999999
KNbO3,5,0.00035340000000100004,-2.85177428,66.39970574294573,4.501553297504891,2.0585
HNO3,80,0,-0.890312362,843.7518856381166,1.984190555439806,3.8657
AlSbO3,20,0.061852403500004004,-2.527291851,324.7624693329945,4.02379034214076,3.9107000000000003
CaTeO3,30,0.015751788466668002,-2.395319489,512.6112811998438,4.191933759212914,3.2993
VHO3,30,0.048549777416664004,-1.937766393,358.6534085084494,2.776501606796738,2.1444
VHO3,30,0.024866239416664,-1.961449931,335.2160998948648,2.970626307385457,2.1433
BaCO3,10,0.013236834000001,-2.669542427,164.9460009684019,3.973227229139603,4.474
YBO3,10,0.07649623866666701,-3.445763414,123.10561187227881,3.984978548406962,4.4
YBO3,10,0.08505931666666701,-3.437200336,121.2254944061883,4.046782608745556,4.5981000000000005
SbHO3,20,0.015799989749987,-1.591824771,279.5668211871387,4.057188839768231,1.4139
BaCO3,10,0.043856836000002,-2.638922425,166.95671010843782,3.9253764760918113,4.1813
KIO3,20,0.010405389999998,-1.356217607,373.60376965977224,3.8046401009166,2.813
MgSiO3,160,0.10319220191667,-3.127845193,1558.076480618438,3.423695517262833,4.6987
SrTeO3,60,0.0023719034999990004,-2.378653412,1078.7087840165068,4.862303271650491,3.478899999999999
CaCO3,15,0.007197419333333,-2.680347039,191.62792800071696,2.601889131783556,4.9726
LiVO3,10,0.085307308000007,-2.342649386,107.92854975417988,3.258063582794419,2.002999999999999
KVO3,20,0,-2.406671247,313.27195695543344,2.9267540433941823,3.046
RbVO3,20,0,-2.409617558,343.46341930871506,3.566212186908948,3.0572
NaNbO3,40,0.0017411069999990001,-2.843081658,481.97067079689253,4.517336614270683,2.3565
CsVO3,20,0,-2.415557575,387.56219181813697,3.973431260935961,3.1105
CsAsO3,20,0,-1.888655891,380.39607043350026,4.467005398017112,2.8702
LiNbO3,40,0.029836594500004,-2.869681057,447.33750279177997,4.390481189383467,2.8678
NaNbO3,120,0.028361900499996002,-2.816460865,1499.283297862638,4.356529072189154,1.7321
NaNbO3,80,0.032703676874998006,-2.812119088,1002.3876037534603,4.344075585218226,1.6316000000000002
RbNO3,10,0.017548982999999,-1.403544359,149.86925152321862,3.267970942912767,3.1172
CsNO3,10,0.004369773555554,-1.410184652,173.52384983348455,3.73039503359668,3.0919
CaCO3,10,0.16886547400000002,-2.518678984,110.76982689463699,3.000784823744014,4.275500000000001
KNO3,10,0.0028861925000000003,-1.419252404,148.81033152931727,2.256373087372057,3.5791
KAsO3,40,0,-1.938935411,642.3945321837153,3.350431811824509,3.0119
MgSiO3,40,0.008332643916671,-3.222704751,428.8623999297255,3.109610135512056,4.742100000000001
MgSiO3,40,0.050826624666669006,-3.180210771,422.7228741338784,3.154773368471996,4.5951
CdSiO3,40,0.026798932500001003,-2.508809583,529.9800388010572,4.724748711745973,2.7666999999999993
FeSiO3,80,0.015311726541671001,-2.577487781,925.787299789366,3.786144146165661,2.7758000000000003
MgGeO3,80,0.012849643250003002,-2.55288831,896.0510826234963,4.297680803345858,3.048999999999999
ZnSeO3,40,0,-1.502429693,538.6539781098929,4.74416993043778,3.9227
HIO3,40,0.018122821749998002,-0.895401522,545.531883117361,4.283620432451907,3.0606
MgSiO3,80,0.10922547466666901,-3.121811921,895.4855821140897,2.978484282043063,3.937699999999999
MgSiO3,80,0.00786608891667,-3.223171306,865.7559289834046,3.080764037336584,4.7002
ZnSiO3,80,0.055324113291671,-2.639511697,917.856103283554,4.09570354478328,3.4593
AgNO3,40,0.002379382500001,-0.678284163,497.832124749116,4.532948436087429,2.008899999999999
MgSiO3,80,0.20596262704167,-3.025074768,897.2779016846998,2.9725347365795702,3.1742
MnGeO3,80,0.014911642249999002,-2.120971136,970.5978536731133,4.80612996018636,1.307599999999999
MgSiO3,80,0.133171193791669,-3.097866201,882.0648952475137,3.023802155026888,4.3843
CoSiO3,80,0.021916500583335,-2.450514764,879.1468013139676,4.080334769363951,2.614699999999999
SiGeO3,80,0.133299435458337,-2.47739607,1025.8208654925386,3.851924206836593,3.0391
YBO3,20,0.036316580666667,-3.485943072,248.2914312338085,3.951592046989222,4.7951999999999995
NaNbO3,20,0.025218161999998,-2.819604603,246.90213602096873,4.409082467416359,1.865
NaNbO3,20,0.029542810499997,-2.815279955,252.06532184664687,4.318768925143931,1.660699999999999
KNO3,20,0.043611003,-1.378527594,352.01076159971836,1.907735011621495,2.8553
NaNbO3,120,0.025033965999996,-2.819788799,1520.8843988781503,4.29465334735774,1.7196
NaNbO3,60,0.025354434666665003,-2.819468331,755.5617916483899,4.322393844410946,1.654799999999999
NaNbO3,120,0.024570768499998,-2.820251997,1497.3537389130663,4.362143096,1.8049
CsPO3,20,0.013136007499997,-2.660846252,396.85663910950774,3.546174496670516,5.0865
MgSeO3,20,0,-2.024735936,227.0109625140416,4.425838297097966,4.0013
AlVO3,20,0.151617486124996,-2.828931865,200.08143917242444,4.18024054354719,1.679199999999999
AlFeO3,20,0.280233170999999,-2.286588009,179.40360141259467,4.8435948356114125,1.3295
MgSiO3,40,0.44185109816667,-2.789186297,422.5278109317631,3.156229793775328,1.0261
AlCrO3,20,0.176285460999999,-2.720283928,191.0202958801217,4.415202888009722,1.802899999999999
MgTiO3,20,0.082907726999998,-3.280028919,201.89153104024365,3.95355487598653,2.3514
KPO3,20,0.013493381999999,-2.67217467,321.2956614628418,2.440870589562841,4.821199999999999
ScCrO3,20,0.036846917874999004,-3.130813287,207.8888721409463,4.6312337405873905,2.417799999999999
TiFeO3,20,0.07182635300000001,-2.65788644,208.77156595728877,4.826724611592713,1.5848
MnSeO3,20,0.020254424499987003,-1.63062551,258.33497727467676,4.6768087554662365,2.8432999999999993
NaIO3,20,0,-1.318583879,291.5189696258693,4.508908999382629,3.6962
MgSiO3,20,0.21704053316667002,-3.013996862,167.93161695400687,3.9706485584746813,5.415499999999999
SrCO3,20,0,-2.698962278,258.4475691195478,3.794093427062427,4.4416
CaTiO3,20,0,-3.556087157,224.09973769300066,4.02925941391082,2.3053
ScAlO3,20,0.028020217374999,-3.669621607,191.07007935746245,4.169314922966967,4.591900000000001
CaZrO3,20,0,-3.670175069,258.7265007863652,4.603084505750543,3.8263
CaCO3,20,0.0009960544999980002,-2.686548404,224.88143044501672,2.956192646199382,4.1871
KNO3,20,0,-1.422138597,306.24942598800067,2.192798410004667,2.9384
BaCO3,20,0,-2.682779261,308.7916524320886,4.2447257704252515,4.397399999999999
CaCO3,20,0.012689929999998,-2.674854528,248.79393564712478,2.672062038888523,4.718299999999999
SrSeO3,20,6.525950000035863e-05,-2.315592204,306.49128877949005,4.650252675821593,3.886199999999999
NaPO3,60,0.008861134166666,-2.6367092,788.6158193446041,2.576333377070539,5.081
NaVO3,20,0.005755477500000001,-2.369992201,274.58999218475816,2.9493958683390513,3.0358
KClO3,20,0.050906849375001006,-1.148753207,370.2079746001091,2.198744989889655,5.5725
TiMnO3,20,0.059989802,-2.894614254,212.50152766807804,4.713654201746586,1.5326
CaSiO3,20,0.24124290933333403,-3.206805305,188.0809592100086,4.102298110406588,3.7183
KNO3,20,0.044289896,-1.377848701,332.5687433976958,2.019261484138568,3.2301
CaSeO3,20,0.021825945000002,-2.285101091,288.9732091579102,3.839388937745314,4.2625
YScO3,20,0.028696064749997002,-3.932606217,251.95223031798207,4.794330594656989,4.4324
ScVO3,20,0.049391989499998006,-3.202248178,215.7754359190552,4.429499293477538,1.5605
ScFeO3,20,0.083946180374997,-2.753965817,212.22287513266605,4.657117917131759,1.7076
AlFeO3,20,0.08031608349999901,-2.486505097,182.98391243946458,4.748823793892831,2.1089
CaGeO3,20,0.10737590583333301,-2.64260604,216.4272088717933,4.932384058856298,2.028699999999999
RbPO3,20,0.011562808499999001,-2.669497774,351.4652348774249,3.107660409128505,4.7607
KNO3,20,0.0011260740000000001,-1.421012523,277.3713999375288,2.421097685351045,3.2872
LiIO3,10,0.33901860649999904,-1.046893263,159.84612568357002,3.778114943450964,2.5038
CaTiO3,20,0.011449592499999,-3.544637565,225.02899171175915,4.012620644503752,2.1378
YBO3,10,0.049742556666666,-3.472517096,125.23366719974508,3.917263092815851,4.2311
TiFeO3,10,0.123118425999999,-2.606594367,101.6130315680444,4.958433185471933,1.6437
MgVO3,10,0,-2.768925974,139.19166731988958,2.9405875084614843,2.7895000000000003
YBO3,30,0,-3.522259653,327.0097545684276,4.500537512836404,5.1696
MgSiO3,10,0.26111877616667,-2.969918619,84.1979956765026,3.959698965653851,4.642499999999999
NaNbO3,20,0.026700738999998003,-2.818122026,247.43532826035178,4.399581445185803,1.681
RbPO3,10,0.05178050174999901,-2.62928008,197.61800656873498,2.763499679452859,4.5235
NaNbO3,20,0.039167725499998,-2.80565504,260.55339819617905,4.178075920844645,2.0583
YAlO3,30,0.060437526883330005,-3.670636427,397.1641799747765,4.11122305652517,4.3247
LaAlO3,30,0.053214263666667004,-3.669252299,442.599776648795,4.814707508494951,4.6067
MgSiO3,80,0.012783414166669001,-3.218253981,880.8185370473699,3.028080834974024,4.7633
MgSiO3,80,0.011153507416669001,-3.219883888,891.1783782826484,2.99287976023703,4.7652
LiPO3,100,0.000989664133332,-2.701737629,1215.86885289899,2.346664763854643,5.5832
TeHO3,40,0.026855483000000003,-1.357188296,489.7689262253093,4.7902000991629965,2.2213
TeHO3,40,0.042925595749999004,-1.341118183,480.7789005441258,4.879771463174074,2.0582
TeHO3,40,0.033308287250000006,-1.350735491,484.9589285670693,4.837711032362134,2.1809
ZnSiO3,20,0.038366072666670005,-2.656469738,271.8030829899101,3.4577114196668,3.571799999999999
NaVO3,20,0.043013442000000006,-2.332734236,316.27260229803306,2.560685252381771,3.201699999999999
NaNbO3,10,0.029408212999998,-2.815414552,126.03267710912635,4.318768370504101,1.6644
CaSiO3,10,0.241123322833335,-3.206924892,93.99326291098973,4.104358864003566,3.6753
CaTiO3,10,0.011411810500000001,-3.544675347,112.52875726749468,4.01211210218927,2.1586
CaTeO3,100,0,-2.411071278,1625.1279576798906,4.407514548542142,2.895
CaTeO3,100,0.002776273000001,-2.408295005,1686.5820265021075,4.246917733122034,2.9438
NClO3,5,0.096921773000019,-0.424675328,93.27013631263736,1.73509610574965,2.0014
FeBiO3,5,0.415684429,-1.258724855,109.19388191578322,4.7571878537580226,1.4146
AlVO3,40,0.08873259612499601,-2.891816755,430.7649427287126,3.883271181455361,1.1677
LiIO3,40,0,-1.385911869,567.1687177525457,4.259170276463127,3.7886
LiIO3,40,0.148073749249999,-1.23783812,674.1296746810573,3.583387937245519,3.5742000000000003
AgClO3,20,0.038284726499997,-0.407244667,307.06362811598757,4.138469148530601,2.3983
MnSiO3,80,0.08402936004167201,-2.713830414,834.8583658931389,4.16965051865004,2.6502
CaGeO3,80,0.014406481708333,-2.735575464,969.4508785919637,4.40456402078852,2.661399999999999
NaPO3,40,0.039140271666668,-2.606430062,565.0118887456335,2.397279653205097,4.8428
NaPO3,40,0.059120867166668006,-2.586449467,598.4600564804748,2.263294751323275,4.8406
MgSiO3,80,0.088718057541669,-3.142319338,782.1641212147097,3.410012884483659,4.953200000000001
SrTeO3,120,0.006218151916667001,-2.374807163,2263.354433895126,4.634721960585883,3.3579
FeCO3,10,1.517677980999999,-0.271664271,114.26100286432916,3.367376832783398,1.4102000000000001
MnCO3,10,0.081420198,-1.931564439,112.07515008417518,3.406176884268524,3.449
SnBO3,20,0.090524666562503,-2.273767179,292.2274095201998,4.034906474455163,2.417099999999999
KNbO3,5,0.001190164,-2.850937516,66.19193300770227,4.515683418789579,1.475999999999999
