Formula,Energy_Above_Hull,Formation_Energy,Volume,Density,Band_Gap,Is_Metal,Magnetic_Ordering,Total_Magnetization
CaFeO3,0.052147251500000005,-2.176371779,56.47327359803378,4.231856237217894,0,1,1,4.0602088
MgSnO3,0.6298747759999971,-1.866468147,65.21888912494153,4.863389810713269,1.308399999999999,0,0,0.00047149999999900006
MgGeO3,0.5249547200000031,-2.040783233,51.40303697478925,4.682288444475782,1.5499,0,0,0.000286199999999
MgRuO3,0.6339806869999961,-1.45594012,58.5623184227951,4.916010490277894,0,1,1,2.01969
MgTiO3,0.45547797899999704,-2.907458667,56.73341366101276,3.517280185772856,1.909799999999999,0,0,0
CaVO3,0.10623166291071501,-2.831268961,56.19975561423256,4.107568071709151,0,1,1,0.9968925
ZrZnO3,0.7579720910000011,-2.246558207,71.11550484229129,4.7781155825131005,0,1,0,0.0675725
CaGeO3,0.170772001333332,-2.579209944,54.1490255087543,4.928537978810958,0.5017,0,0,4.8400000000000004e-05
MgVO3,0.5105881479999951,-2.258337826,53.97676689030422,3.791494950360921,0,1,1,1.00169
TiZnO3,0.5371176764999971,-2.28407524,56.759817119617246,4.71816371378167,0,1,0,0.0034796999999990004
MgSiO3,0.46725523316666906,-2.763782162,43.8830602686278,3.798717709629779,2.9292,0,0,5.4e-06
MgRhO3,0.7168978249999961,-1.22979868,59.32881099084245,4.903871935055412,0,1,1,1.2406907
MgZrO3,0.667561955,-2.835932366,70.61532784659279,3.8453875714012353,1.0257,0,0,0.0008380999999990001
CaMnO3,0.11654962733333601,-2.418963381,54.946370694131424,4.322045985981163,0,1,1,3.153875
IClO3,0.6714004176764691,0.041897825999999,71.05686828778931,4.915834546789944,0,1,1,1.7877781
KMoO3,0.10687497300000401,-2.042556052,64.23163890078015,4.731924392171149,0,1,1,1.0014023
NaMoO3,0.096339849000002,-2.014921025,61.57755902520197,4.501484285601487,0,1,1,1.0003638
MgCuO3,0.49833060700000004,-1.15538876,51.9444260137228,4.342774019810358,0,1,0,0.045282199999999
MgFeO3,0.5071998925000011,-1.615973898,53.40651528572358,3.9844406862350312,0,1,1,3.9961674
KVO3,0.21691129050000002,-2.189759956,57.204585275290995,4.006977597551768,0.21860000000000002,0,0,8.550000000000003e-05
NaCrO3,0.29644677833333505,-1.708139925,52.65299502293593,3.878598957569679,0,1,1,1.0000756
KCrO3,0.39067048677777805,-1.671608068,57.72427493335193,4.00124031772841,0,1,1,1.0000208
MgCoO3,0.5514157765000001,-1.34104603,48.94265017651288,4.45262281611853,0,1,1,2.6400955
YAgO3,0.633616180708332,-1.530661327,86.74504699043106,4.685614886915885,0,1,1,2.0007623
NaVO3,0.141920087,-2.233827591,53.745207954482915,3.767194412583095,0.21679999999999902,0,0,0.0006575
CaCuO3,0.162602422749999,-1.700447861,55.02966228172412,4.575252255317861,0,1,0,0.069038
CaCoO3,0.16033285666666702,-1.881145529,53.30553410603655,4.579540335701955,0,1,1,2.8843039
AlVO3,0.709336499624997,-2.271212851,48.24822233179429,4.333779068004552,0,1,1,1.998696799999999
AlSiO3,1.038270889333327,-2.154149703,45.080689872433354,3.796389442753493,0,1,0,0.0022355
AlNiO3,0.8197046213333331,-1.386456107,48.94206694176443,4.53535133823537,0,1,1,2.9995203
BaLiO3,0.308695114999993,-1.653488578,68.25756506368646,4.6773648604201465,0,1,1,3
BaCaO3,0.344531053999998,-2.279992301,88.98091885869187,4.206416658059623,0,1,1,1.9999337
BeBO3,1.6395714481666661,-1.000599028,34.79914295160879,3.236288161418513,0,1,0,0.0009088
BeCuO3,0.8448208941249991,-0.822260176,41.487602710206495,4.825262704072896,0,1,0,0.0003157
BeSiO3,1.2456975710000031,-1.959788182,42.049366115138874,3.360455805228183,0.269099999999999,0,0,3.2e-06
BeVO3,1.044593365000002,-1.710029862,40.316453089377035,4.446281942922852,0,1,1,1.0038615
CaMgO3,0.310670067999998,-2.228589692,61.40444465533577,3.039085753463809,0,1,1,2.0050385
CaScO3,0.24047543449999803,-3.070074366,68.15474941663646,3.241227074842477,0,1,1,1.0012219
CaZnO3,0.238167657999997,-1.802128079,58.258778748431645,4.374759928378614,0,1,0,0.081311799999999
CaInO3,0.357897249499998,-1.978930112,72.13462947097263,4.670624191978828,0,1,0,0.6713848
CaYO3,0.477989082874999,-2.822118803,82.06034800537797,3.5813351424331543,0,1,1,0.9998708
CaLaO3,0.5936756482499991,-2.667460736,91.41240612908155,4.123203254325017,0,1,1,0.999999899999999
CsLaO3,0.26124790074999904,-2.224715934,108.21457999119708,4.907430595888201,0,1,1,1.9999964000000001
CsPrO3,0.290924312374997,-2.121710247,107.50687043553488,4.970661286236502,0,1,1,2.0000285
CsRbO3,0.6835482849999991,-0.415958548,94.80428201626086,4.665614175855958,0,1,0,7.8e-05
CsNaO3,0.860010729666668,-0.265537237,88.02284214895064,3.846421940332156,0,1,0,8.1e-05
CsBaO3,0.48376279000000005,-1.308042149,127.32547365151035,4.150264786101324,0,1,1,3
CsSrO3,0.45468993300000105,-1.381868887,119.7970554328997,3.722078248707889,0,1,1,3
KAlO3,0.27112893737499905,-2.056392494,57.826543420211806,3.2758492645817032,0,1,1,1.9998285
KAsO3,0.429363846999995,-1.509571564,56.77687739940846,4.738502659343299,0,1,0,0.065477
KLiO3,0.508757509499993,-0.749774829,66.36897884792486,2.3528001362383453,0,1,1,4.0001613
KHoO3,0.266953125583333,-2.306167295,88.02337641990908,4.754423171005628,0,1,1,2.0008854
KYO3,0.27819480691666604,-2.258839532,90.97581873262898,3.212488571796565,0,1,1,1.998478
KZnO3,0.37669413450000105,-0.938129754,68.34503711356686,3.7053362075224703,0,1,1,2.9948736
KCoO3,0.29443553725000104,-1.021574084,58.13916092561977,4.170820658065728,0,1,1,4.516772
KMnO3,0.280140147454546,-1.477517156,61.91950425785535,3.809040682836771,0,1,1,1.9945617
KTmO3,0.254353999833333,-2.350256552,85.9074501087085,4.94891881514753,0,1,1,2.0086639
KZrO3,0.069763034333333,-2.795012398,76.13256665533781,3.889375724926838,0,1,1,0.99994
KDyO3,0.27186398166666603,-2.289703655,89.23312572862054,4.644740792753513,0,1,1,2.0000281
KRbO3,0.766270069,-0.33106965,125.1951764956113,2.288824295563234,0,1,1,4.0000005
KSrO3,0.506905778999999,-1.329765242,113.85352482172922,2.548217758597212,0,1,1,3
KMgO3,0.37453281850000003,-1.439255093,70.32747214842628,2.6303596187479252,0,1,1,3
KGdO3,0.19051270933333503,-2.31694479,88.77383613989274,4.5705686121030915,0,1,1,5.0031509
KCdO3,0.412939573,-0.72398521,81.73842379384307,4.053050969826186,0,1,1,2.4844651
LiNiO3,0.5024219344545481,-0.705458378,53.80230863498618,3.507124068215731,0,1,1,2.7958472
LiBO3,0.9669265611166771,-1.239189487,36.18478119222366,3.017312033939476,0,1,0,0.0045717
LiGeO3,0.373687681199998,-1.668078163,51.781045338759334,4.091270160724233,0,1,0,0.0641209
LiCrO3,0.40936655516666304,-1.666735624,49.7945631362843,3.566056855697144,0,1,1,1.0006766
LiAlO3,0.37512621773333304,-2.104722442,51.03133026460131,2.665668053423011,0,1,1,1.999242999999999
LiFeO3,0.31481297610000203,-1.249979174,53.878919459443516,3.414350063209818,0,1,1,4.7017182
LiMgO3,0.580104923428572,-1.310809163,62.56273528519409,2.10329822220233,0,1,1,3
LiSiO3,0.321286189688888,-2.39424171,43.19374764725567,3.19179893739793,0,1,0,0.0028166
LiRuO3,0.211082630791667,-1.457952954,56.39139875519791,4.593951862652347,0,1,0,0.0072748
MgZnO3,0.7038007069999981,-1.227882606,55.75597083930134,4.101381154433109,0,1,0,0.0536264
MgBeO3,0.649928676,-1.806537313,42.52784519741567,3.175034331029491,0,1,1,2.0015331
MgBO3,1.013810653249995,-1.699964922,37.83958725006121,3.647354163171599,0,1,0,0.0040551
MgAlO3,0.42934857399999604,-2.537314224,49.60497747034924,3.323581534958173,0,1,0,0.3339832
MgMoO3,0.640768282999996,-1.787488498,64.1182487522513,4.357174622302637,0,1,1,1.937616499999999
MnBO3,1.0809943220520881,-1.348097166,39.20780690160286,4.817452414888827,0,1,1,3.9991329
NaAlO3,0.21697979450000102,-2.126357671,52.919372158527665,3.074152026652515,0,1,1,1.9995753
NaAgO3,0.395609302999998,-0.406951862,69.5491383976443,4.270328335252566,0,1,1,1.6668462
NaCaO3,0.546954334999998,-1.320090619,91.52885364358447,2.014986243326152,0,1,1,3
NaCoO3,0.22247671974999902,-1.059370683,53.30039279125477,4.047609362092613,0,1,1,4.0980843
NaGeO3,0.23410438249999901,-1.694647066,53.35964417444054,4.469667250144575,0,1,0,0.442853999999999
NaFeO3,0.145586834999998,-1.292712711,56.203056881149166,3.747324649399237,0,1,1,4.8108835
NaInO3,0.40909349099999903,-1.174024877,76.16468912288676,4.050933238880728,0,1,1,1.9997622
NaNiO3,0.320827803500001,-0.745677687,55.793589759155374,3.859600732435127,0,1,1,2.9299628
NaSiO3,0.25805614525000303,-2.354524145,45.165596736968496,3.6424929169235902,0,1,0,0.007462799999999
NaZnO3,0.412060198999999,-0.848936643,59.646539963363715,3.79724450394603,0,1,0,0.005895099999999
RbMgO3,0.40636991600000005,-1.39230993,73.81009484134074,3.5494455011838273,0,1,1,3
ScSiO3,0.707826589968743,-2.764408986,45.978363101869,4.371425835382467,0,1,0,0.1221288
SrBeO3,0.376971984999999,-2.186857816,52.0571061965092,4.613479639488415,0,1,1,1.9990117
SrMgO3,0.22068589599999602,-2.317325252,65.23522261710269,4.070787384514324,0,1,1,1.999758299999999
SrLiO3,0.28795796100000104,-1.694797614,59.75065311696792,3.961883403012005,0,1,1,3
SrScO3,0.091257467249998,-3.186553572,70.95413907681151,4.2259742883780245,0,1,1,1.0000531
TiBeO3,1.033670633499999,-2.312304959,38.92037628226892,4.474596770357307,0,1,0,0.0010819
TiCuO3,0.5458167405000021,-1.936134508,57.101005279421834,4.635794483096115,0,1,1,0.9993563
VCoO3,0.541067191499996,-1.481146173,53.84456178860735,4.868720275483928,0,1,1,2.0065078
ZrBeO3,1.630506549999998,-1.898806424,69.74074080076234,3.5294862012939383,0,1,0,0.0018769
AlVO3,1.2285736276249961,-1.751975723,55.87365738853553,3.742320545725786,0,1,1,1.0714845
MnAlO3,1.2896009311875,-1.430634495,53.123452978688,4.06098517730827,0,1,1,3.4080579
AlNiO3,1.311674617333333,-0.894486111,49.00876957089664,4.529178568321998,0,1,1,0.8946598
AlAgO3,1.6497803273333331,-0.250836723,64.17906273811799,4.730922084847537,0,1,0,0.0002758
AlFeO3,1.4042949875000001,-1.162526193,54.91632829150119,3.955828732210649,0,1,1,4.4499198
AlSbO3,1.3185118980000041,-1.270632357,66.5165215902092,4.911471828166962,0,1,0,0.011168899999999002
AlSnO3,1.318630856125002,-1.353432764,65.77111511498312,4.890131134048122,0,1,0,0.0030615
AlMoO3,1.219777429749999,-1.403197909,64.37132382637047,4.409089114959139,0,1,1,1.1351509
AlCoO3,1.297934804499998,-1.043343859,50.426713548382544,4.409719414937844,0,1,0,0.0315227
TiAlO3,0.9959165675000011,-2.369078754,57.548401321217,3.5446998346849,0,1,0,6.400000000000002e-05
AlCuO3,1.2902155,-0.848998753,50.618016416915935,4.544378009211107,0,1,0,0.0006187
CeGaO3,0.884043946,-2.239542462,85.9685597555511,4.980294477890347,0,1,1,0.9933301
NaNbO3,0.044339023999997,-2.800483741,64.44912652017267,4.222756528581366,1.5249000000000001,0,0,0.0005892
BaTiO3,3.077492087999968,-0.41478589,100.48917348467371,3.8533977810600533,0,1,0,0.3616125
LaCoO3,1.430275217999999,-1.16965092,87.87961684788989,4.64523780354616,0,1,1,2.6032421
CaZrO3,0.191893085,-3.478281985,71.99498215571205,4.135496361472064,3.2122,0,0,0
CaSnO3,1.449770448500007,-1.244784598,82.30907163608116,4.171794878843436,0,1,1,2.0000292
KIO3,0.19824316799999803,-1.168379829,74.10191883154758,4.795516453266358,0,1,0,0.0008085
CaSiO3,0.24421781783333402,-3.203830397,46.96632581831585,4.10700725534391,3.4579,0,0,7.780000000000002e-05
SrZrO3,2.517240679499997,-1.144418149,85.49650328956366,4.405798144796697,0,1,0,0.027883699999999
LiTcO3,0.06527020858333,-1.911468099,57.23804068843266,4.436935879705508,0,1,0,0.0018613
KNbO3,0.007730227999999,-2.844397452,65.41101790884895,4.569594296132727,1.412099999999999,0,0,0
SiBO3,1.919687921312498,-0.988864835,37.13464487955602,3.885644914566695,0,1,0,0.0001585
SiBO3,1.908972559312498,-0.999580197,42.97268208926432,3.35776211805348,0,1,0,0.0613221
ScVO3,0.725788688999999,-2.525851478,54.284997039030245,4.401663411098977,0,1,1,1.993307199999999
KPdO3,0.173103888333334,-0.8254632,67.42291986772541,4.766060397742008,0,1,1,2.0084574
ScPdO3,0.820065729874999,-1.540523892,67.8551067576614,4.879050636926505,0,1,1,2.9942532
ScAsO3,1.047828888374999,-1.749711738,61.25659245178591,4.550762080484664,0,1,0,0.052524799999999004
KBeO3,0.6463002295000011,-1.193306335,53.64977433795312,2.9747044245727032,0,1,1,2.9999697999999992
KBaO3,0.5736075070000011,-1.242491632,126.03265569426269,2.956884365883195,0,1,1,3.0000002
KErO3,0.262730811666667,-2.325421858,86.7329373460614,4.869744499362977,0,1,1,2.0061636
KScO3,0.210220316249999,-2.336502925,74.65340065311048,2.937283325962221,0,1,1,2.0000204
KNaO3,0.621325963166667,-0.496376839,87.51495972475456,2.088814888455919,0,1,1,3.9998868
KSiO3,0.47014077249999,-2.14048463,49.96122783985031,3.82825280800173,0,1,0,0.36501089999999903
KInO3,0.29853580633333304,-1.274736738,79.97569649952503,4.192360054844873,0,1,1,1.9997599
KRhO3,0.061124044,-1.184232334,63.59654676556202,4.961051500094684,0,1,1,2.3977427000000002
RbZnO3,0.418686624,-0.881029198,72.20306426586795,4.573763042162006,0,1,1,2.996542599999999
RbYO3,0.25637094387499804,-2.258841819,93.76817320196758,3.937979504429194,0,1,1,2.0016888
RbSrO3,0.45709310399999903,-1.358791801,114.28712685110743,3.212277272107923,0,1,1,3
RbSmO3,0.271069491,-2.198183544,95.87752908908864,4.915689480054075,0,1,1,1.9999635
RbNaO3,0.6004236366666661,-0.502171099,92.81920017629031,2.7989997391806822,0,1,1,4.0000746
RbLiO3,0.546886912999992,-0.696537359,73.00276697776181,3.1937324895524712,0,1,1,4.0000864
RbInO3,0.29322044766667404,-1.251412654,82.5887320345404,4.992028227764626,0,1,1,1.999988
RbFeO3,0.266845015666669,-1.164507126,66.20594225067894,4.74818876599991,0,1,1,5.4673062
LiCaO3,0.348430505428571,-1.64956767,53.99772204566962,2.921970902133616,0,1,1,3
RbMnO3,0.37963623908333105,-1.378088158,65.90328141912995,4.747142635255059,0,1,1,1.994376599999999
RbCuO3,0.42699596699999903,-0.659154047,66.23687800780135,4.939032944011462,0,1,1,2.175723999999999
RbNiO3,0.41978733500000204,-0.650802962,66.52489446797706,4.796523065031163,0,1,1,3.870179
RbCdO3,0.40300357000000003,-0.718813146,89.05753605405575,4.584545925800003,0,1,1,2.977420399999999
RbCaO3,0.42176365200000004,-1.484000282,98.39510984595381,2.928769450282601,0,1,1,3
RbBO3,1.499975552333332,-0.597828368,50.39388070820404,4.754100925449175,0,1,1,1.999727
RbBaO3,0.515827346,-1.279485676,124.63922265174297,3.6077114883669053,0,1,1,3
RbBeO3,0.7759267950000011,-1.048571704,58.46279912583213,4.046856990886123,0,1,1,3
RbAlO3,0.37965470773332405,-1.925373273,61.35272302053714,4.34258485798466,0,1,1,1.9975117
NaLiO3,0.46971100400000004,-0.734994288,56.52694344651089,2.289246331384625,0,1,1,4.0004297
NaAsO3,0.304430911666667,-1.580474757,51.44697090838285,4.709481155104125,0,1,0,0.0454476
NaBeO3,0.45979896599999903,-1.325980552,46.24388611464273,2.8726689665531002,0,1,1,3.0194623
KAgO3,0.326060585,-0.490754263,73.698716327076,4.392837719467964,0,1,1,1.6557594
LiYO3,0.415705300089284,-2.229059918,50.121167612811526,4.765657634060684,0,1,1,2.0010194
NaCdO3,0.474934275,-0.608163461,77.1257750075502,3.948630055695392,0,1,1,2.1038432
MgMnO3,0.49021219800000004,-1.875530194,52.132135357475256,4.05295230583769,0,1,1,3.0942055
NaMgO3,0.37349236900000005,-1.386468496,64.85162171421845,2.439996010571015,0,1,1,3
NaPdO3,0.26455347162500004,-0.768164637,63.576091389022885,4.63370517562955,0,1,1,1.8314709
NaRuO3,0.089076717374999,-1.518621671,57.84641929357169,4.939095335518074,0,1,0,0.004786599999999
NaSrO3,0.538816024666665,-1.303110013,74.52969847814956,3.5338225518348,0,1,1,3
NaTeO3,0.132665316062498,-1.583567151,67.23886247503413,4.9043524683161035,0,1,0,0.000252999999999
NaTiO3,0.08988452819999401,-2.63980875,59.42551848449956,3.321188014547365,0,1,1,0.9900511999999991
SrCaO3,0.467312725999996,-2.177782511,83.81772037171805,3.480772355288368,0,1,1,1.9999402
SrAlO3,0.050849522249998,-3.031678721,56.43579113290282,4.7842550400047905,0,1,1,0.9822713999999991
KTbO3,0.27438799762500105,-2.272926432,90.81213175146713,4.498615826795687,0,1,1,1.999593
KCaO3,0.44993043450000003,-1.470941566,95.36093697143247,2.21451500197177,0,1,1,3
LiBeO3,0.5701234884285721,-1.346609251,43.1416576665112,2.461513393735289,0,1,1,3.0302921
LaGaO3,1.4438151811428601,-1.686664251,97.33009647935539,4.378282016363295,0,1,1,2.0005082
PrGaO3,1.4744034378571431,-1.588868873,97.53781528000668,4.403044172580138,0,1,1,2.0011405
NdGaO3,1.466254172833332,-1.6210627,95.05693542411397,4.576206098699859,0,1,1,1.9978381
CsCaO3,0.44561272699999904,-1.483104439,102.8247443617045,3.568680556996517,0,1,1,3
CsKO3,0.708962462,-0.411330488,90.71143373223842,4.027296458972959,0,1,0,0.0002015
BeZnO3,0.7651137839999981,-1.192388182,42.991823945284224,4.728391300139916,0,1,1,1.999973799999999
CaBO3,0.8975609750000011,-2.020940407,42.13256708502324,3.897366577624401,0,1,0,0.0337239
CaBeO3,0.333611442999998,-2.23146697,47.238026636691295,3.412908258507991,0,1,1,2.0069434
CsMgO3,0.5012488930000001,-1.320384184,79.08622793913015,4.308676645275569,0,1,1,3
HfZnO3,0.6870288144999971,-2.441217455,67.7504521495989,7.154294748629557,0,1,0,0.0123883
BaSiO3,0.561268264999999,-2.842744941,56.48771473314591,6.273519937114947,0.9473,0,0,0.0005857
BaGeO3,0.23236341,-2.463637802,63.06327955363161,6.792562890088615,0,1,0,0.0015562
H1gO3,0.589504466499999,-3.037705826,67.541266847953,6.165888288342769,1.1738,0,0,0.00199
MgIrO3,0.7838253469999961,-1.188034026,60.29937371610635,7.284422688581256,0,1,1,1.0065614
CaRhO3,0.25733247599999903,-1.835723821,61.82709777288515,5.129345954756469,0,1,1,1.3301973
CaRuO3,0.16523339749999902,-2.061455217,60.67733082827061,5.176309671364111,0,1,1,1.9167293
MgOsO3,0.648656035999995,-1.372708154,60.0879244515128,7.25514550317498,0,1,1,1.1611625
ZrCdO3,0.34487558900000104,-2.481755603,71.96388740867712,5.806339458576674,0,1,0,0.0017287
TiCdO3,0.19823604300000003,-2.473224928,58.726787929889916,5.889148358597162,0,1,0,4.4000000000000006e-05
CdRuO3,0.33393210100000004,-1.079125577,60.61615746211363,7.1630476902911,0,1,1,2.1207008
BaRhO3,0.098336171296297,-1.914429825,68.64174366791524,6.9727007498380615,0,1,1,1.5496788000000001
BaMnO3,0.133739453666667,-2.356205421,65.61237804092859,6.080659114987635,0,1,1,3.0024338
MnCdO3,0.27990697533333403,-1.411691313,55.42670862107124,6.451628142884849,0,1,1,3.2427241
ZrHgO3,0.34979274050000103,-2.192400906,73.29755705300552,7.698366167909752,0,1,0,0.0440064
CaIrO3,0.30655283400000305,-1.795396683,61.792674200619054,7.532249004003523,0,1,0,0.2740433
CaHfO3,0.16008691399999803,-3.660851149,67.27067539944997,6.580037829361946,3.6612,0,0,0
CdRhO3,0.424103885,-0.845729491,61.70418835153962,7.086137227330518,0,1,1,1.2863278
ZnSiO3,0.58051383316667,-2.114321977,44.4463555048899,5.286241207400336,0,1,0,1.0300000000000001e-05
CdSiO3,0.374506266500001,-2.161102249,47.43478301350349,6.598592705861918,0.6505999999999991,0,0,0.0007266
ZnRhO3,0.7624100169999991,-0.685322465,58.92249507561895,6.096070583751542,0,1,1,1.2274483
CdSnO3,0.346307218000002,-1.491440614,66.7948768517519,6.938980318308384,0,1,0,7.99e-05
CaOsO3,0.256620675599995,-1.976540853,61.7311750736624,7.486303590131466,0,1,1,1.0544156
ZnSnO3,0.712904693999999,-1.267944154,65.39671100186958,5.893869473325446,0,1,0,0.0172689
CdGeO3,0.32436161275000003,-1.555840298,54.11695667257225,7.150943527391868,0.10220000000000001,0,0,0.000467099999999
VCdO3,0.285856828999976,-1.785831357,56.628589540333415,6.197507247700209,0,1,0,0.0003964
ZnGeO3,0.6149733300000051,-1.410527672,51.560302230755426,5.9917927255139976,0,1,0,0.0003773
VZnO3,0.5494903799999971,-1.680350171,54.02571356190828,5.05143604595241,0,1,1,0.8507357
MnZnO3,0.561172910000004,-1.258271147,52.26198479368501,5.3488947483032945,0,1,1,3.1400626
SrGeO3,0.150044169333333,-2.593071166,57.36998463477624,6.027906042529566,0,1,0,1.4400000000000001e-05
SrSiO3,0.32427592999999905,-3.116950543,50.607918520880645,5.371420069070963,2.383099999999999,0,0,2.8e-06
SrRhO3,0.09264819174998801,-1.928895577,64.21547336522843,6.167951451627042,0,1,1,1.4077495
BaVO3,0.11491591899997701,-2.790472743,63.16295592953194,6.211395266623796,0,1,1,0.9983727
SrMnO3,0.049247349499999,-2.450037028,231.64938296111515,5.463879681651756,0,1,1,1.22e-05
BaRuO3,0.06870543149999901,-2.121449641,67.1049654561984,7.08696316067908,0,1,1,2.0165364
TiSnO3,0.16012544749999602,-2.596588785,61.66409761506848,5.778248869345959,1.0452,0,0,0.0001412
NaOsO3,0.035054636499999,-1.615496229,58.26098792489951,7.445164566150063,0,1,0,0.003491799999999
KWO3,0.067683724833328,-2.133688594,64.82668610173054,6.940053084185971,0,1,1,0.9996199
ZrPbO3,0.08222417481249701,-2.793935413,74.56174053380131,7.715050540923727,2.2792,0,0,0
PrVO3,0.212041934499998,-2.990521863,60.972474715206346,6.532060516745839,0,1,1,1.9992671
EuCuO3,0.17085285562500002,-1.977672172,56.00318956067427,7.813227494755172,0,1,1,6.3010028
EuFeO3,0.21751092899999902,-2.358621026,57.74869900077947,7.3556262992492,0,1,1,10.9853241
RbNbO3,0.08273654200000101,-2.756314476,68.86332417595558,5.458641230108817,1.3563,0,0,0.000370999999999
LaNiO3,0.035858060499998005,-2.436526664,57.378419163664574,7.10761180460951,0,1,1,0.997795299999999
SmAgO3,0.42368547395833206,-1.694632306,67.36633132962034,7.548294383676719,0,1,0,5.45e-05
SmMnO3,0.199603839999999,-2.791607398,59.09464695105582,7.117536561204043,0,1,1,4.0002107
LaAgO3,0.239231050083332,-1.886074956,69.34770852603963,7.058347222618607,0,1,0,0.073561599999999
LaCuO3,0.024221093999999003,-2.399634706,58.03562468331231,7.165968549859712,0,1,0,0.000433599999999
RbCrO3,0.508016842750005,-1.557712125,61.486287631130566,5.008711280005005,0,1,1,0.999684799999999
RbTaO3,0.056662273500029,-2.975669706,67.47978870917987,7.737080117438172,2.002399999999999,0,0,0.000467099999999
RbVO3,0.357393584999999,-2.052223973,60.014684858942445,5.102348844183125,0.24980000000000002,0,0,0.0015413
SmCuO3,0.12438620849999901,-2.287715098,55.266503874215694,7.869181607659484,0,1,0,0.0056199
SrCuO3,0.008427793812503,-1.740167173,56.55239894415372,5.848026625620712,0,1,1,0.6731339
BaCoO3,0.22222526900000003,-1.825632743,63.120523575171546,6.425811832176516,0,1,1,3.579829
BaCuO3,0.08273291958333401,-1.663166091,64.17733153205626,6.439350784555453,0,1,1,0.630671
EuAgO3,0.403265286833333,-1.506662538,68.38646826734634,7.474642543153219,0,1,1,6.4883625
LaScO3,0.20408182299999902,-3.746481555,67.8627929880572,5.673387093636159,2.8177000000000003,0,0,0.0012112
CsNbO3,0.25129334674999804,-2.580755457,72.55966476353424,6.266184612052443,1.276199999999999,0,0,1.6800000000000002e-05
LaGaO3,0.09632406714286101,-3.034155365,59.93511816444752,7.10999868052724,3.365900000000001,0,0,6.7e-06
SmTiO3,0.19623799524999003,-3.443943147,59.95041928908818,6.820078468672492,0,1,0,0.0057852
SmFeO3,0.222370185499999,-2.581433444,59.73708222101029,7.066202913845533,0.723499999999999,0,1,5.0002742
EuMnO3,0.12567077068749902,-2.60387543,58.274424527282676,7.263423334369363,0,1,1,9.9954965
SrEuO3,0.32016034999998,-2.678894374,84.23687860562264,5.669031021371436,0,1,1,5.0025577
VTeO3,0.6161638888333351,-1.345835018,60.636667488791325,6.203804357410974,0,1,1,1.8290088
ZnCuO3,0.607842441499999,-0.541100275,52.11003339679049,5.638793192137559,0,1,0,0.1703835
SrNdO3,0.358035681749997,-2.809206435,90.91035675028431,5.111835569658964,0,1,1,0.999958999999999
BaNiO3,0.12427227400000002,-1.695750199,65.48415898349904,6.187792965000027,0,1,1,0.0269529
GdCrO3,0.23466173249999903,-2.938642427,58.03863768944233,7.359997181461667,0.7847000000000001,0,1,3.9990318
RbUO3,0,-3.30458512,81.09117912744907,7.607261575621099,0.45420000000000005,0,1,0.999999899999999
GdAlO3,0.085117609400002,-3.613716829,52.11781860191401,7.399130733331266,1.8884999999999992,0,1,6.9965953
BaPdO3,0.028700658499995,-1.685291061,70.35635538244601,6.885721971520744,0,1,0,0.2599993
ZrSiO3,1.072800042249998,-2.219989547,49.16759723607481,5.650489094658311,0,1,1,1.4741266
ZrTlO3,0.23488012733333002,-2.45429325,74.75924335094658,7.632104481985796,0,1,0,0.0018433
ZrTiO3,0.7219286569999881,-2.729424508,57.47219178112415,5.405552075029354,0,1,0,0.095130899999999
AlSbO3,0.319599526000004,-2.269544729,52.901571703463354,6.175506915545649,1.1346,0,0,4.27e-05
AcMgO3,0.082312486499999,-3.001845327,64.78375373225691,7.671748358584634,0,1,1,1.0000029
AcScO3,0.024140034874998002,-3.82906043,70.19180130743561,7.569207408829243,3.3847,0,0,7.43e-05
AlInO3,0.46780454750000006,-2.24250465,51.258261443683864,6.14860026112864,0,1,0,0.0418222
AlAgO3,0.28559733533333304,-1.615019715,52.77775563990637,5.752918850209689,0,1,1,1.999909199999999
BTeO3,1.249640724583331,-0.822164432,44.47169373442934,6.960377106887915,0,1,0,0.0015565
BSbO3,1.014313077166667,-1.260583829,43.640418944934396,6.870745471143401,1.4054,0,0,0.0008078
BPdO3,1.218701723666666,-0.556549733,40.30795288597972,6.806833934712135,0,1,1,1.7470208
BaBeO3,0.5173108549999981,-2.025947064,59.04946220190078,5.464991599896058,0,1,1,2.0000789
BaAlO3,0.16936120074999902,-2.895402251,61.951203638108275,5.69066640911675,0,1,1,0.9993112
BaDyO3,0.10872087100000001,-3.117626003,86.82878720439085,6.651910634066194,0,1,1,0.9998442
BaInO3,0.077204864750004,-2.162446134,78.72164877180886,6.331161973233718,0,1,1,1.0001248
BaScO3,0.026701069166656002,-3.207111032,75.13526132667413,5.089365179865764,0,1,1,0.9995877
BaErO3,0.08670264150000201,-3.164587625,84.92105246203396,6.8944015811351465,0,1,1,1.000491
BaCdO3,0.202881038,-1.637695099,79.65491918762994,6.206805514125855,0,1,0,0.4612154
BaEuO3,0.16508361100000002,-2.773289008,87.36750141389481,6.410643365991762,0,1,1,5.0267218
BaTlO3,0.119237046250003,-1.698419364,82.32661349927436,7.860473804643862,0,1,0,0.0001515
BaTmO3,0.07260766408333301,-3.193704981,83.69011508040276,7.02904506046517,0,1,1,0.998569399999999
CoBO3,1.226717350722222,-0.910297727,37.75525238159948,5.178507210504986,0,1,1,3.7646886
BaZnO3,0.17429412799999602,-1.844181115,69.67818890775195,5.975383989729056,0,1,1,1.6937669
BaYbO3,0.135584711416665,-3.051083985,81.15579506815625,7.332556032630358,0,1,1,1.0000001
BeGeO3,1.346963369999998,-1.188172349,43.05488498849875,5.000350700463459,0,1,0,0.0018884
BeAgO3,0.6506316833333311,-0.777852184,45.43780109,6.025540851142892,0,1,0,0.0032476
BeCdO3,0.516208147999998,-1.263394712,47.24786719250145,5.954360275822377,0,1,1,1.9998612
BeInO3,0.710374608,-1.527801407,44.986705688153236,6.342490224546631,0,1,1,0.7138448
BeSbO3,0.8188777727500051,-1.525668536,45.78170326605363,6.484145020487226,0,1,0,0.0833848
BePdO3,0.8275869360000001,-0.850071426,42.81809943999384,6.33803315723255,0,1,0,0.0017675
CaTmO3,0.40145595524999905,-2.966752421,77.96984479230309,5.4736010757073235,0,1,1,1.0000608
CaHoO3,0.441341794874999,-2.895609852,80.13702098788315,5.242610785694643,0,1,1,0.999849099999999
CaHgO3,0.462410946999999,-1.21200197,73.60014685629169,6.512779155765943,0,1,0,0.0003943
CdBO3,1.024361147950001,-0.988364041,42.938277854427824,6.621547143902192,0,1,1,0.672809299999999
CoSbO3,0.580026283874999,-1.068112115,53.359474093335905,7.116842923310956,0.29549999999999904,0,0,0.0018907
CeBeO3,0.41890689699999906,-3.178541142,46.67338151802652,7.013334961429547,0.809399999999999,0,0,4.5e-06
CoSnO3,0.683751723500002,-1.095084598,52.426711210164086,7.146859736015265,0,1,1,0.073429399999999
CrTcO3,0.6304814391249991,-1.40032656,58.98279651663666,5.574121430837644,0,1,1,4.8320309
CrCuO3,0.5850320386250011,-1.024200595,50.60278799076263,5.366602669462742,0,1,1,1.0001263
CeMnO3,0.377304224000006,-2.792029401,60.371551975903536,6.685230623331083,0,1,1,5.0220103
CrGeO3,0.606627581,-1.547161352,52.451887167378345,5.465313354129075,0,1,1,3.9998534
CoRhO3,0.7968873444999961,-0.443217951,59.037908071244885,5.902010642739138,0,1,1,4.2389291
CrRhO3,0.9724235252499971,-0.759399987,60.0951043992927,5.606497365687114,0,1,1,2.6781449
CoMoO3,0.6738278065000021,-1.047837765,63.216023109056,5.328963454597332,0,1,1,4.3210656
DyInO3,0.698763192999999,-2.300793391,70.02291696360375,7.714620905876316,1.5367000000000002,0,0,0.0003027
EuCdO3,0.585351804,-1.675695014,72.1640053711473,7.187903433173979,0,1,1,6.3226394
EuErO3,0.610768562999998,-3.140364764,79.70974853734867,7.65006990830001,0,1,1,5.985251
CsAsO3,0.7626517824999941,-1.126004108,67.69726825568856,6.275110295414904,0,1,0,0.0004725
CsPdO3,0.238677719,-0.687527663,74.07238969648931,6.4411604741401,0,1,1,2.1250169
CsMoO3,0.37378243524999805,-1.775428217,70.60272032171409,6.511217942104932,0,1,1,0.9997940999999991
CsPaO3,0,-3.457622891,86.93019019772653,7.86886217827183,2.972999999999999,0,0,0
CsNdO3,0.291359467249996,-2.147413578,104.99198912886199,5.142459551389267,0,1,1,2.0020867
CsAcO3,0.23001730649999702,-2.186816213,115.52101286493193,5.863348429784877,0,1,1,1.9999826
CsCdO3,0.454132825,-0.690637123,93.63968780473493,5.201431676083625,0,1,1,3.0265081
CsRuO3,0.378263059000004,-1.267780487,67.44006663288721,6.942879627931556,0,1,1,0.6265599
CsTeO3,0.302410398611113,-1.423787066,77.30795936087551,6.626515179082276,0,1,0,0.000270599999999
CsTiO3,0.355658736000005,-2.358746078,69.27365160285488,5.48379645047965,0,1,1,0.9994985
GaGeO3,0.7033704434999991,-1.401622939,52.90533441225176,5.97486459308068,0,1,0,0.005148199999999
GaNiO3,1.000703324333331,-0.650788651,49.484259465906604,5.919929658044955,0,1,1,0.8019234
CsThO3,0.146533561999999,-2.963829883,95.77858339239336,7.159281548667069,0,1,1,0.729339499999999
CsSmO3,0.292566048624998,-2.18640956,100.85670052802942,5.454037584460338,0,1,1,2.003056
GaBO3,1.406577837166667,-1.126948652,38.07755404786291,5.605211383792214,0,1,0,0.0016908
GaFeO3,0.9412599324999991,-1.046784079,54.210064246236215,5.316604208992787,0,1,1,4.9978076
GaFeO3,0.970704212499999,-1.017339799,55.3622322858092,5.205957994132141,0,1,1,3.9359016000000002
CuBO3,1.128113087291667,-0.696853817,37.627671376176025,5.3996322964140955,0,1,1,1.9710161
CuPdO3,0.718975018999997,-0.094658999,54.57419554411089,6.63203672746162,0,1,0,0.002643699999999
ErAlO3,0.18607017420000102,-3.595122191,50.466770895183345,7.9705295534887615,3.0097,0,0,1.2800000000000001e-05
DySnO3,0.8484255742499951,-2.149717456,70.88038130870991,7.712473706428706,0,1,0,0.0004956
GaSiO3,0.6737551248333331,-2.046275905,45.74953767768221,5.29224411463588,0,1,0,0.0074265
FeAsO3,0.7807650435000001,-0.885954939,54.84869713950589,5.412087243894191,0,1,1,3.6312272
GaTeO3,0.613529692416665,-1.193745644,58.734493651861776,6.935710366037678,0,1,0,0.0005189
FeAgO3,0.345864825833333,-0.695022397,57.61912852121193,6.101360078973732,0,1,1,5.4824302
GaSnO3,0.575774915125002,-1.517511535,58.05563839429101,6.762534269224833,0,1,0,0.0007614
EuInO3,0.5066763509999991,-2.212943621,73.62807472763184,7.099259642816595,0,1,1,6.0000798
EuBeO3,0.39830606449999906,-2.565422535,48.33761733293479,7.178883535766599,0,1,1,5
FeRhO3,1.037876189249996,-0.364199115,59.247936856376974,5.794535835922729,0,1,1,5.1219675
EuTmO3,0.5840283082499991,-3.183594422,77.77437689449803,7.876204539246209,0,1,1,6.0018311
EuPdO3,0.307972339999999,-1.79083724,65.4166296222544,7.777221409122811,0,1,1,6.3657468
EuMoO3,0.149660001249994,-2.482626112,68.93214563075512,7.128128081561703,0,1,1,8.9849788
EuTcO3,0.14644849212500102,-2.423651901,62.47493265931672,7.919622357468801,0,1,1,6.7845308
GdBeO3,0.31543744900000004,-2.873410768,46.63279248900443,7.629560996578337,0,1,1,5.959154
GdCdO3,0.675020263999998,-1.811146171,70.87709295487406,7.442256580708544,0,1,1,6.9336049
GdSiO3,0.607033879624996,-2.882494295,51.90876675147047,7.464244455265322,0,1,1,6.5779426
GdThO3,0.7811935103333311,-3.137951191,96.63496616304798,7.514163318402116,0,1,1,7.0243404
GePdO3,0.674000174000002,-0.935923786,53.483516561437256,7.049630161449204,0,1,1,2.0008729
GdZrO3,0.39293696174999904,-3.280181135,72.1126937347448,6.826865628840743,0,1,1,6.6541714
GeTeO3,0.7278014918333381,-1.014709907,59.40039549100962,6.939503104568603,0,1,0,0.003015
InSiO3,0.565854375222222,-2.06253356,49.14932005240002,6.449727694958696,0,1,0,0.0037086999999990005
InSbO3,0.458201840500001,-1.414700604,69.2358588741692,6.825218971911616,0,1,0,0.012849399999999001
HoSiO3,0.7570571732499971,-2.783655504,51.048295860736005,7.839893360987574,0,1,0,0.0051438
InAsO3,0.6154403055000001,-1.194767694,60.84657034167246,6.488005852930813,0,1,0,0.0007635999999990001
KPbO3,0.154595876499998,-1.200046564,82.92657461938236,5.893054640887403,0,1,1,1.0255598
KTeO3,0.08427374347221901,-1.638802142,69.64928845122509,5.11867290592566,0,1,0,0.0001793
KLuO3,0.242561158083332,-2.379096528,83.77670255820917,5.194363902990446,0,1,1,2.0003458
KAuO3,0.364279867999998,-0.550954586,71.87610219949094,6.562651688367877,0,1,1,1.3575593
KYbO3,0.430134396499999,-2.138255775,82.64208449107699,5.226959406441775,0,1,1,2.0000002
LaMgO3,0.209941144749999,-2.943346983,61.43297867320221,5.708989785524037,0,1,1,1.0015996
LaZnO3,0.131482920749999,-2.522841184,60.61046362504101,6.912586053211705,0,1,0,0.00039529999999900005
KAcO3,0.212425222749998,-2.212632815,100.80951668519734,5.173812216172573,0,1,0,0.002486099999999
KOsO3,0.038625092428564003,-1.62517957,60.75217475613986,7.580164649281197,0,1,0,0.0059018
KNpO3,0,-3.11304054,78.70004291254199,6.8383050336629605,0,1,1,1.9999989
LaZrO3,0.28710248682499,-3.428166948,73.75816404510208,6.261569380374259,0,1,0,0.0019398
LaSnO3,0.525964737062493,-2.447777261,74.80253514100687,6.784308009954025,0,1,0,0.000961699999999
LiCdO3,0.5380530354285711,-0.675997922,53.231081072507145,5.220475318260051,0,1,1,3
LiTmO3,0.48891754646428504,-2.223948162,48.28906697313098,7.698441212061701,0,1,1,2.0001978
LiPaO3,0,-3.339490446,80.52091246018041,5.8975088322415194,3.1954000000000002,0,0,0
LiAcO3,0.12925668721428302,-2.407406714,60.21066048006748,7.775550911967442,0,1,1,2.0002079
LiDyO3,0.41252842821428604,-2.257823718,49.620450663239936,7.276562009900035,0,1,1,1.997817899999999
LiErO3,0.46041971721428704,-2.235956588,48.84467197755944,7.553920963942889,0,1,1,1.9999748
LiEuO3,0.401048150214285,-1.989367385,53.30408940567633,6.445487587073693,0,1,1,4.0085695
LiLaO3,0.22204904146428603,-2.383744675,55.858268996912024,5.76256037230548,0,1,1,1.9983233
LiNdO3,0.259888149964283,-2.298714777,53.67410237173956,6.162155477543917,0,1,1,1.9996507000000001
LiPmO3,0.287546243964285,-2.298333461,52.5712357067057,6.31537090733444,0,1,1,1.9965288
LiGdO3,0.35363091671428504,-2.261904236,50.79737479231591,6.936351682565695,0,1,1,5.0028096
LiPrO3,0.23509200108928402,-2.29737244,54.47924863528783,5.969453574381734,0,1,1,1.9971092
CsTlO3,0.36811675650000303,-0.7549295,93.26801547114742,6.8596295552048385,0,1,1,2.0013608
CsPbO3,0.214985168666667,-1.121751017,89.94995765714654,7.164664583017451,0,1,1,1.0528167
CsAuO3,0.44821452400000106,-0.459805179,78.95204306569005,7.94746075648926,0,1,1,1.474563799999999
CsEuO3,0.305617719499998,-1.964967934,97.4962479003604,5.669343712101113,0,1,1,4.0012924
CsTbO3,0.292340615,-2.246749296,96.95295739897536,5.82034162502607,0,1,1,2.0151148
CsSbO3,0.325578188,-1.614402739,73.8242428170085,6.807856048934401,0,1,0,0.0202912
CsYbO3,0.43763858875000106,-2.104876888,87.93403677090595,6.683842604499664,0,1,1,2
MgTlO3,0.569564716999998,-1.195977605,62.506207052787076,7.350449885126004,0,1,1,1.4382643
MgBiO3,0.45651727566667905,-1.642190122,60.95774362961122,7.662396584623495,0,1,1,0.9979262
MgHgO3,0.512373026499998,-0.956973635,62.734466400036546,7.223299178475568,0,1,1,2.0172459
MgInO3,0.800011728499999,-1.412345633,58.578606738934866,5.304360757056846,0,1,1,1.0716981
MgReO3,0.649838266071428,-1.726476866,60.35474831531324,7.112386319166634,0,1,0,0.0019014
NiSbO3,0.6628730848750041,-0.957017399,54.94858203961168,6.903777905566449,0,1,1,0.9890065
NaPbO3,0.308695351749999,-1.088504399,79.72380712196995,5.794279118417319,0,1,1,1.0103981
NaYbO3,0.558355794249997,-1.994772392,80.10341817872687,5.058685204024398,0,1,1,2.0000001
NbFeO3,0.555858301499986,-1.910904075,64.17497521827609,5.090930893481664,0,1,1,3.1422007
NdNpO3,1.037101979312499,-2.474213572,90.83334720707875,7.847009308489407,0,1,1,3.978307
NdInO3,0.42484623274999905,-2.462961132,71.77626339859677,7.103770977716351,1.646799999999999,0,0,1.69e-05
NiPdO3,0.7809306559999991,-0.142819505,50.24692203567436,7.042822187086094,0,1,1,3.8199859
PrPbO3,0.5854630621250081,-1.980562581,93.4090064158571,7.041604055881917,0,1,1,1.0002077
PrCuO3,0.024692680187500003,-2.312583337,56.9104200105911,7.366070383638502,0,1,0,0.0016305999999990002
PmBeO3,0.273470728249999,-2.885722042,48.16743617261043,6.964168280987622,0,1,1,0.9998513
PmErO3,0.635076357,-3.31152114,77.65505796283766,7.703569739272002,1.695799999999999,0,0,7.64e-05
PmEuO3,0.7983015077500001,-2.84233522,87.94284464083904,6.513585180689889,0,1,1,7.1550432
PmInO3,0.47924233475000005,-2.435841808,71.27102965144373,7.17178954663811,1.6185,0,0,5.9100000000000014e-05
PmMgO3,0.312467389250001,-2.820906727,57.368701080609554,6.289848752025451,0,1,1,0.998285499999999
PrBeO3,0.252533759374999,-2.853243746,49.85265037165066,6.592440355136668,0,1,1,0.9998085
SrTaO3,0.059606806506677004,-3.278887796,67.26411512562386,7.815019078429382,0,1,0,0.00023769999999900002
SrYbO3,0.271411767249997,-2.976735248,77.2777039711498,6.632430481083948,0,1,1,1.0000003
SrZnO3,0.16797229800000002,-1.871074827,63.04788092844678,5.294603309951961,0,1,0,0.3169806
SrTmO3,0.20589536299999803,-3.119328557,80.4155987800097,6.28884423301585,0,1,1,0.999033
SrWO3,0.19504557100000103,-2.455699439,68.98501547948386,7.689681846972675,0,1,1,1.9998355
RbGeO3,0.419926687666665,-1.486983048,61.565349989323494,5.559085831884512,0,1,1,1.000886
RbHgO3,0.36366087350000004,-0.473718297,83.95126452155172,6.6075602505037345,0,1,1,1.5159997
RbPuO3,0.022020938000004,-2.885427986,78.55915213020248,7.978663495176141,0,1,1,2.9999998
RbSnO3,0.18585081483333102,-1.649811396,74.11954479593331,5.649631292418526,0,1,1,1.0000062
RbRhO3,0.115868383,-1.108701878,66.07194957741817,5.940555901425838,0,1,1,2.3490745
SbPdO3,0.5075797387499971,-0.911754811,63.684440061159755,7.201204721323514,0,1,1,1.1373264
ScCoO3,0.559231103089286,-2.040111364,49.10300326279377,5.136443602936916,0.785999999999999,0,0,0.0005578
SiMoO3,0.8953065618333371,-1.674858801,48.44761250350568,5.8961021910090725,0,1,1,3.9989593
SiAgO3,0.48604006533333605,-1.654687447,47.48972232323486,6.432114179278898,0,1,0,0.153213
SnGeO3,0.31299769599999705,-1.632876663,57.701963183861174,6.887929191489851,0,1,0,0.001404799999999
SrDyO3,0.25280565,-3.026185685,83.6217141622725,5.919956586919827,0,1,1,1.000689
SrAuO3,0.274543589999995,-1.420715157,70.7442566555607,7.8065701441959625,0,1,0,0.0005235999999990001
SrErO3,0.222959852249998,-3.083582123,81.45420436686246,6.174505378718418,0,1,1,0.9997273
SrPdO3,0.07012186049999601,-1.677081801,65.91341396431488,6.09760384930354,0,1,0,0.5146607
SrSbO3,0.132098440799997,-2.375606297,74.54787045732388,5.733048487761328,0,1,0,0.000120699999999
TaFeO3,0.5382121325000511,-2.14055665,63.017091198476514,7.5044199147459025,0,1,1,3.0137322
TbBeO3,0.33177757837500105,-2.900455279,45.99403544769507,7.796004750847253,0,1,1,0.9899391999999991
TbMgO3,0.449121891375001,-2.757292313,57.35423346911667,6.694606786001649,0,1,1,1.0010994
TbSiO3,0.7094974339999941,-2.815659758,51.82427694555707,7.530094610668917,0,1,0,0.0004615
TbTeO3,1.102878487901052,-1.610451418,77.89026142912171,7.1316928879254124,0,1,0,0.0316166
TbVO3,0.400170577,-2.891458178,56.75255092161906,7.544947010877843,0,1,1,2.0022212
TcSnO3,0.33065778574999805,-1.498840827,63.24387741514354,6.950211234899953,0,1,0,0.0003817
TiTeO3,0.598959147333333,-1.954392125,62.21540914976123,5.964321374667137,0,1,0,1.8e-06
YbScO3,0.712130161125003,-3.241935407,62.482436628725175,7.069084342631335,0,1,0,0
TmScO3,0.6286550321249981,-3.40074774,64.08062583322518,6.786384872381213,2.571599999999999,0,0,0.0005899
TmCrO3,0.39895016849999704,-2.848458345,56.34323775911637,7.925818869102425,1.9288999999999992,0,1,2.999918199999999
YSiO3,0.736387453416664,-2.795143751,51.624579106919604,5.306999070894734,0,1,0,0.0010811
ZrBeO3,0.662112432,-2.867200542,41.75165948717156,5.895549670305644,0.6259,0,0,2e-06
ZrNiO3,1.009210973999997,-1.766193799,50.26469396929328,6.538318643506497,0,1,1,1.6399918
ZrBO3,1.162429119299998,-2.084401497,40.99870729715771,6.076679151888352,0,1,0,0.0057902
NdSbO3,0.7686863123333441,-2.075499448,78.48933829513199,6.643062743880359,0,1,0,0.00024359999999900003
RbPaO3,0,-3.530613109,84.09243655756401,7.197670044615942,3.000999999999999,0,0,0
KPaO3,0,-3.552497714,82.6542619610523,6.391337032195198,3.0477,0,0,0
FeSnO3,0.777139314000001,-1.081672948,65.24543243440456,5.664124969489379,0,1,1,3.9993122
SrPuO3,0.090643798000012,-3.235445857,83.05762881533012,7.589559929454946,0,1,1,3.9998094
SmSbO3,0.860086121000011,-2.017206656,77.80105459668391,6.832410945909324,0,1,0,0.000105499999999
HoSbO3,1.076734552550001,-1.863712314,76.56503528121013,7.258709678135883,0,1,0,0.0001861
DySbO3,1.039270389200001,-1.893523079,76.65860027562857,7.197205784014324,0,1,0,8.36e-05
BaBO3,1.253707967666654,-1.573943143,53.74918146839155,6.059475020396386,0,1,1,0.9997743
SrTcO3,0.077098233,-2.377870307,62.21175901326076,6.235672386085119,0,1,1,2.1712035
NbAgO3,0.07085392228571501,-2.147779927,65.1582457381741,6.339902420894476,1.3336000000000001,0,0,2.86e-05
YWO3,0.8033917662500031,-2.146636305,69.09315987921504,7.708549244752746,0,1,1,2.982423
YSnO3,0.81040251734375,-2.163402606,71.05362594266687,5.97375729057571,0,1,0,4.68e-05
AlBiO3,1.665022894249995,-0.888822955,78.10549111437122,6.037051899615939,0,1,0,0.384138
YFeO3,0.34055598087499905,-2.489925657,58.55670870199426,5.465937800635578,0.6372999999999991,0,1,4.9994461999999995
YSbO3,0.9961316007499991,-1.909878953,76.78692265678544,5.593683732708098,0,1,0,1.5700000000000002e-05
AlWO3,1.178439271249997,-1.451336169,61.36049434821571,7.004185538557308,0,1,0,0.0003073
YAgO3,0.583527590708332,-1.580749917,66.64785960361091,6.098528684371441,0,1,0,7.42e-05
YBiO3,1.099079482,-1.698720087,85.68108313135833,6.703400806382276,0,1,0,1.7400000000000003e-05
NdAlO3,0.027490916999999,-3.644979264,104.23401901492895,6.984787972938765,2.863600000000001,0,0,1e-07
YCuO3,0.222457445806816,-2.208991297,54.10253626517338,6.15230194191815,0,1,0,0.0007474
YNiO3,0.209964379000002,-2.255747863,53.025242522589764,6.125331853295538,0,1,1,1.0014157
YMnO3,0.325051983333333,-2.702431269,58.06198077710698,5.486572953630488,0,1,1,3.9989824
YCoO3,0.23103540108928602,-2.360876707,54.26048474581901,5.993226885848512,0.8330000000000001,0,0,0.00033000000000000005
YTiO3,0.30271702024999103,-3.358017142,59.0010722886116,5.200236792322234,0,1,0,0.0011034
YMoO3,0.6047194465937461,-2.313288763,68.32803813085468,5.658682029036143,0,1,1,2.988423
SrVO3,0.039101676860283006,-2.878867755,59.35966561911505,5.21885807260035,0,1,1,0.999467
SrMoO3,0.084097525000004,-2.512841191,67.94623090034395,5.659054699524615,0,1,1,2.0000939
YCrO3,0.30330756549999904,-2.887705085,57.23928827956947,5.480083491421764,1.7679,0,1,2.999626799999999
LaCrO3,0.091456824499999,-3.10516652,60.56654511365902,6.549860163598633,1.903899999999999,0,1,2.9998346
BaFeO3,0.048024622666666,-2.102256508,61.70323615127433,6.490300408521839,0,1,1,3.9875053
LaVO3,0.17725938700000102,-3.102043064,61.633057964794716,6.408106455024793,0,1,1,2.0001279
NdCrO3,0.143114159500001,-2.998728589,59.40619598973787,6.826963263257871,1.904,0,1,3.0000201
NdVO3,0.222997488,-2.998050831,60.39214532814181,6.686510488045713,0,1,1,2.0004761
SmCrO3,0.19728175550000002,-2.973790204,58.30152946273373,7.130569291617402,1.7362000000000002,0,1,2.9999808
BaMoO3,0,-2.516796095,66.35139263198728,7.039066312677537,0,1,0,3.399999999999998e-06
NaWO3,0.05530045630435201,-2.106962365,62.5512945491811,6.764876751177076,0,1,1,0.999366499999999
PrCrO3,0.118023259499999,-3.003632961,58.71817644999847,6.812662166642102,1.847,0,1,3.00005
SrCrO3,0.07254508193749301,-2.571755685,59.00943857782975,5.279509212613665,0,1,1,2.0150808
NdCoO3,0.07815874399988801,-2.442810628,54.95630053384298,7.5893615624873885,0.7914000000000001,0,0,0.0042463
PrCoO3,0.116340927999886,-2.381077041,55.69128310911385,7.389781550642455,0,1,1,1.735199199999999
CeCrO3,0.19220243360000203,-2.970420415,59.618378740261385,6.687745320618523,0,1,1,4.0008028
SmVO3,0.299045315499999,-2.950685794,59.5057310357224,6.9568406930946685,0,1,1,2.0010207
GdCoO3,0.233212029714287,-2.329470013,54.93503924339065,7.98549583486763,0,1,1,8.7266229
BaPbO3,0.027018664,-2.081831489,83.00858149731611,7.852241508861981,0,1,0,0.0002
EuTiO3,0.009138211499999,-3.549383762,59.49625945750218,6.916906578608999,0,1,1,6.9721765
TiCdO3,2.008286217,-0.663174754,68.68324431916595,5.035445983533509,0,1,1,1.0540207
CeVO3,0.265832863299998,-2.963973955,60.2489661693708,6.588682830299179,0,1,1,1.0695773
PmTiO3,0.109473932750001,-3.460296333,60.24785691045861,6.63867720604334,0,1,0,4.83e-05
BaTbO3,0.12044266375000001,-3.094681416,88.21841085680292,6.479843395744582,0,1,1,0.9997735
BaTiO3,0.014779579999968002,-3.477498398,128.738833485449,6.015663613577288,1.666299999999999,0,0,0
BaNbO3,0,-3.178754561,70.62797941745364,6.541520966089961,0,1,0,8e-07
BaSnO3,0,-2.587468272,71.13628093297905,7.097114448493584,0.372399999999999,0,0,0
SrZrO3,0.05490891149999601,-3.606749917,73.96074740540564,5.09297632587517,3.214399999999999,0,0,0
CeGaO3,0.23282465610000003,-2.890761752,59.063110754509616,7.2490042930911365,0,1,1,0.999988099999999
KTaO3,0,-3.071587858,63.7546200303669,6.981426041917768,2.0995,0,0,0
BaZrO3,7.172199999949669e-05,-3.639168969,74.74546324141521,6.143794292287296,3.0377,0,0,0
KUO3,0,-3.33510989,79.44393397949031,6.7957793352570075,0.4454,0,1,1
NaTaO3,0.027754129499998004,-3.035238167,61.52965494459861,6.799149457008522,2.2603,0,0,0
SrRuO3,0.041338998000001,-2.149272639,63.39114104699642,6.20007774291131,0,1,1,2.0018387
SrHfO3,0.032957558999999005,-3.779407365,71.01997313864919,7.344257043717289,3.7226,0,0,0
BaPrO3,0.19082811099999902,-2.891142755,96.732161628463,5.600230400246306,0,1,1,0.9999794999999991
SrCoO3,0.081854346354839,-1.9179654,117.28063713577292,5.509182073849565,0,1,1,0.0008774999999990001
SrFeO3,0,-2.222982897,56.12970212480508,5.664240346569506,0,1,1,3.8837813
SrTiO3,0.00047005399999900006,-3.551192238,59.90045030664282,5.086511723754529,1.771999999999999,0,0,0
LaAlO3,0.003053424999999,-3.719413138,54.13665153348018,6.560522946797748,3.4924,0,0,0
CeAlO3,0.017115028999995,-3.603223499,53.243562933991896,6.708320355031181,0,1,1,1.0000001
LiUO3,0.20903442499996602,-3.139474476,78.1976185374707,6.221225160327004,0.4172,0,1,1.0000097
BaBiO3,0.021211001999999,-2.212216009,86.82725775700082,7.540948198681999,0,1,0,0.0005044
SrSnO3,0.047734773499999,-2.589623864,69.67305836625314,6.061480890045354,0.9698000000000001,0,0,0
ScBiO3,0.357016045874999,-2.448213882,67.7074343450527,7.405007405474687,0.6896999999999991,0,0,0.000359899999999
LaFeO3,0.130008494000007,-2.72291731,61.96642318273111,6.50503335833213,0.848399999999999,0,1,4.9999528
BaPbO3,1.09517206,-1.013678093,101.85659215140905,6.399226750646413,0,1,0,2.96e-05
BaCeO3,0.040333896000001,-3.549502857,89.56619857936725,6.033613517741434,2.299,0,0,0.0001896
LaCoO3,0.076548746,-2.523377392,55.60374124701541,7.341623228722615,0.4388,0,0,3.13e-05
CsIO3,1.966420805000003,0.593694428068965,96.72356434542107,5.2844145569985095,0,1,0,0.009489299999999
SrNbO3,0.013476088928580002,-3.174769313,67.40372672579457,5.629866643903787,0,1,0,0.0025986
PrTlO3,0.647732866374997,-1.767120972,100.2258791905031,6.516001688581736,0,1,1,1.9856338
CeTiO3,0.08380945625000101,-3.49767458,61.288438271041045,6.393636591786039,0,1,1,1.365087599999999
PrTiO3,0.10464501399999701,-3.481524188,61.31381091813314,6.412430763114484,0,1,0,0.00019109999999900002
EuCrO3,0.187800817000001,-2.718079346,58.39386651041873,7.164906612742856,0,1,1,8.9966662
EuNbO3,0.023615870999982,-3.119947585,67.08132537327681,7.24970348697676,0,1,1,7.1246712
BaNdO3,0.17852335125000002,-2.93192638,94.61784245961687,5.783890188613706,0,1,1,0.999945699999999
EuVO3,0.043242436124989,-2.946617689,56.99431798498433,7.310121614478355,0,1,1,7.9999996
SrNiO3,0.045951716999993,-1.763969883,118.50465607365828,5.445558235163306,0,1,1,0.0173007
EuZrO3,0.09331918650000201,-3.5468717,73.94695196343135,6.538823412138973,0.38770000000000004,0,1,7.0004074
CaSnO3,0.21009045250000902,-2.484464594,67.24159084581586,5.106609751710353,1.390499999999999,0,0,0.001027
LaTiO3,0.06758425174999601,-3.597550533,62.049187819988944,6.282852087570259,0,1,0,0.002878
BaThO3,0.083406089999998,-3.691689851,97.34330038250651,7.119627087536885,3.2033,0,0,0
PrAlO3,0.018023412999994,-3.637824913,106.22475005987332,6.74964059796787,2.8792,0,0,0
BaPaO3,0,-3.563953095,90.75101233528245,7.618469715769435,0,1,1,1.0003132
EuSnO3,0.13844741162500102,-2.542926983,67.71753422187594,7.814337063803226,0,1,1,6.9237419
KPuO3,1.7393999998560613e-05,-2.921963576,76.6096388014749,7.17662531328815,0,1,1,3.0000012
CeFeO3,0.37612913599999503,-2.572784337,60.86443995809566,6.6558368488298125,0,1,1,5.9202246
NaPaO3,0,-3.440691451,81.04148454461952,6.188465124898148,2.952,0,0,0
EuGeO3,0.092227580000002,-2.600853747,56.59182512686955,7.998798443526119,0,1,1,6.807207
YbTiO3,0.46412076424999704,-3.140033188,56.585377934505445,7.891218652435582,1.897499999999999,0,0,0.000405
EuSiO3,0.25598193966667504,-3.071255264,51.38487331369103,7.369525124378975,0,1,1,6.9115957
EuRuO3,0.21820725274999403,-2.16032688,63.26752854159861,7.900983963296029,0,1,1,4.8912378
CeNiO3,0.44689075499999403,-2.396649083,54.242728695214055,7.555550238569517,0,1,1,1.9985689
ZnBO3,1.125581286166667,-1.038755997,38.57356425344683,5.34742323855386,0,1,0,0.017771699999999002
ZnGaO3,0.7340746505000001,-1.147975169,56.102008719176524,5.420391503207033,0,1,1,0.998386099999999
SrHgO3,0.273016526999999,-1.359051234,76.01870174364761,7.344072416468472,0,1,0,0.00021349999999900003
SrHoO3,0.23622259387499903,-3.054025574,82.61883275427296,6.040663396361041,0,1,1,0.9999566
SrInO3,0.194183900499991,-2.115460056,74.85410238575706,5.555595225065164,0,1,1,0.9651919
ZrAlO3,0.515989824,-2.946253523,49.523897122439884,5.572820739004825,0,1,0,0.0466204
VIrO3,1.244942713500001,-0.646806045,60.57538264454688,7.9814118168985235,0,1,1,1.981831699999999
YbMgO3,0.7193957993750001,-2.504252545,53.94974339381145,7.551508917304505,0,1,1,1.0000003
SnBO3,1.128497996062503,-1.23579385,42.61244452154257,6.9176403743407615,0,1,0,0.000295299999999
EuMgO3,0.408090983499999,-2.529818963,60.3603799640011,6.169683609995452,0,1,1,5.0031497
ScCuO3,0.572803505499999,-1.837501564,51.848925970517726,5.012149143668761,0,1,0,0.0347615
LiSmO3,0.308178575339285,-2.290626915,52.097227165665274,6.543675364096959,0,1,1,1.9996141
KTcO3,0,-1.982492657,58.14690296217846,5.285921582802932,0,1,0,2.1e-06
SbTeO3,0.702754502124999,-0.853818866,72.67459491171533,6.794326249409314,0,1,0,0.0143964
KReO3,0.03743742071428,-2.081842621,61.11912479420659,7.425354016710841,0,1,0,0.0003283
LuVO3,0.563932857749998,-2.765232774,57.22734779374253,7.947822037687013,0,1,1,1.9970962
LiCeO3,0.471113553,-2.54526026,49.97266406711705,6.481479140444835,0,1,1,1.0025296
FeRhO3,0.935127389249996,-0.466947915,53.58574568537138,6.406821234410597,0,1,1,7.7374428
GeBO3,1.3588522776666672,-1.010670926,39.55913595647476,5.51772748811999,0,1,0,0.000103799999999
LiHoO3,0.437087038089286,-2.244521941,49.15097044898062,7.428173323527167,0,1,1,1.9973633999999991
LaCdO3,0.411376228749999,-2.06504877,73.04988646712441,6.803894253349305,0,1,0,0.0014118
EuAlO3,0.12039643449999901,-3.315465348,53.50400309174233,7.043378478043641,0,1,1,5.996878
KRuO3,0.10410775575000601,-1.532978398,61.12931948987885,5.111423239827205,0,1,0,0.0156177
HoSnO3,0.8692622737187461,-2.131808973,82.41714412638174,6.681846650800492,0,1,1,0.961946699999999
NdBiO3,0.8262384297500011,-1.885398848,87.2729081436746,7.6340126024891735,0,1,0,3.6200000000000006e-05
KPtO3,0.13063624941666502,-0.950692176,66.25367573946053,7.072388646410466,0,1,1,1.7118185000000001
RbWO3,0.15323820550000603,-2.040945845,66.83879192428014,7.883131844505645,0,1,1,0.9996837
RbTlO3,0.322265231500004,-0.787428181,89.05927106621658,6.299310050004164,0,1,1,1.9987851
RbTeO3,0.14250681366666101,-1.572874094,72.63406049182207,5.96841604373481,0,1,0,0.0003029
RbSbO3,0.096659121590906,-1.799211039,68.44503210008946,6.192016145047547,0,1,0,5.4000000000000005e-05
RbRuO3,0.19918271774999802,-1.438422265,62.97762089316109,6.184041013311599,0,1,0,0.0416099
RbPtO3,0.160222984000003,-0.888936314,69.17709751024132,7.8865712781699315,0,1,1,1.7383094
RbPdO3,0.155602799000001,-0.774110666,70.35850277043419,5.661576907486393,0,1,1,2.185399
RbNpO3,0.012339059000002001,-3.077545228,79.7970001194663,7.709227977568612,0,1,1,2
RbMoO3,0.19331893500000502,-1.952896877,66.57386524218768,5.722029564103488,0,1,1,1.0001833
RbHoO3,0.251479938,-2.300576585,90.98740980757066,5.445794618591798,0,1,1,1.9993839
RbGdO3,0.176935758499999,-2.309046939,89.4388218566224,5.397491439003579,0,1,1,5.003271
NdGeO3,0.45550857174999404,-2.491413124,62.49751342505111,7.037782720688485,0,1,0,0.00016419999999900002
RbErO3,0.24821699099999903,-2.318606859,90.77570949035696,5.501092898164923,0,1,1,1.9955363
RbBiO3,0,-1.447628567,77.29908558651587,7.356434052251263,0,1,0,0.0005203
RbDyO3,0.25524798800000004,-2.285551703,92.29319774023979,5.325019800143493,0,1,1,1.9958478
RbAuO3,0.38479988599999804,-0.524185045,75.00835937393516,7.3151338634953245,0,1,1,1.3788963
RbAgO3,0.353712061000001,-0.453735537,77.07990692192173,5.199083434449306,0,1,1,1.7666718000000001
RbAsO3,0.205453434,-1.358327302,61.135790683882746,5.660117370269648,0,1,0,4.7900000000000006e-05
InCuO3,0.5169841406250001,-0.905988302,54.3254369445951,6.919102679006056,0,1,0,0.0027112
RbAcO3,0.18033347099999902,-2.226777475,99.64939924630725,6.006738421990205,0,1,0,0.00019209999999900002
NdMgO3,0.27795437300000003,-2.833164049,59.72154240182355,6.020972497082238,0,1,1,1.0000316
NdBeO3,0.26662335999999903,-2.870313715,49.03424578850867,6.815388657117358,0,1,1,0.9998389
PrNbO3,0.342085202349998,-2.925943977,68.26407903161855,6.855145839496563,0,1,0,0.0004079
EuSbO3,0.29307437550000304,-2.305380654,75.0801479185892,7.115493196307717,0,1,1,6.8473223
LiLuO3,0.5373579508392851,-2.192363091,47.824162242947324,7.982747817184244,0,1,1,2.0001168
MgPbO3,0.5007348609999991,-1.494377026,63.068935851015254,7.359026699548187,0,1,1,2.0071721
PrBiO3,0.765578477,-1.919920315,88.05187400348734,7.503595689079901,0,1,0,0.0001415
NiAsO3,1.013732004375006,-0.524627451,50.50426706330274,5.97129373706661,0,1,1,0.9980026999999991
NiRuO3,1.200749332000001,-0.161081927,51.38110012193622,6.714458283699392,0,1,1,3.9820249
NaReO3,0.041938695600001005,-2.072553318,58.755619851879835,7.268790548020449,0,1,0,0.00036629999999900005
NaPuO3,0,-2.828455169,74.43174874793523,7.027240892455187,0,1,1,3.0000005
NiMoO3,0.936292619999999,-0.763874613,60.589080202351056,5.553437794465942,0,1,1,2.2563185
NaTcO3,0,-1.97206504,55.54069588597196,5.052351618909321,0,1,0,7e-07
CeCuO3,0.399238458000001,-2.334185237,56.30938271874032,7.421349221597679,0,1,1,0.5691239
EuNiO3,0.20768661816667203,-2.003383026,54.54536765826052,7.874320900829366,0,1,1,6.9728771
PaAgO3,0,-2.830395251,80.34031925623562,7.996811026447928,0.915,0,0,0
SiPdO3,0.7161838733333321,-1.563445495,46.58900297437676,6.504851022798701,0,1,1,1.9946826
SiSnO3,0.489646943333336,-2.125932824,51.15649342831221,6.323000798145838,0.7593999999999991,0,0,0.0001705
SmBeO3,0.28446229562500003,-2.887656259,47.69980187266984,7.219036705560466,0,1,1,0.999877199999999
SmGaO3,0.210192991083328,-2.912901177,57.60803022854421,7.727382864072236,2.872,0,0,0.0007982999999990001
SmSiO3,0.6600386046249971,-2.8364629,53.517592677572,7.026074818066906,0,1,0,0.000167
SrAsO3,0.24607856972222003,-2.273695573,62.80174892271716,5.56687622512511,0,1,0,7.64e-05
SmGeO3,0.50829921546875,-2.458910103,61.47479159443134,7.320124011921715,0,1,0,0.0008085999999990001
TePdO3,0.6204443039999951,-0.59252226,67.18297192655213,6.970549607483635,0,1,1,0.9682637
SrAgO3,0.11433576999999501,-1.386157267,69.43909948075958,5.822637136845707,0,1,0,0.09316529999999901
RbTbO3,0.258242988,-2.27112435,93.27023664401828,5.205596950118302,0,1,1,1.9998475
RbYbO3,0.401345859500001,-2.132749827,84.79834338472183,6.002065215332969,0,1,1,2.0000002
TbGeO3,0.6164286589062491,-2.401135169,60.04338473889156,7.731512778487517,0,1,0,0.0008948999999990001
SrTlO3,0.24066696549999203,-1.624270146,78.3784643099874,7.203327832753382,0,1,0,0.0011998
ScSnO3,0.6724758995000021,-2.270678537,69.29637433044239,5.072076719298021,0,1,1,0.9385749
RbTmO3,0.24325029224999903,-2.340062961,88.45690592881743,5.676745723585779,0,1,1,1.9995024
LaBeO3,0.259460226,-2.919646555,50.965649858396255,6.383239042690798,0,1,1,0.9987436999999991
KBiO3,0.092868683500001,-1.479716392,78.63401066432932,6.252348761231978,0,1,0,0.0005425
HoGeO3,0.698465031343752,-2.352758181,59.543920169682785,7.963830434741589,0,1,0,0.0006552999999990001
PmRuO3,0.387848931,-2.186149372,62.278737736241204,7.840745527194333,0,1,1,0.6657485
EuAsO3,0.276965650499999,-2.258794934,63.92572475193852,7.140400682928812,0,1,1,6.6835438
CsBiO3,0.051505948428578,-1.362185877,86.20837029442202,7.50991693049256,0,1,0,0.2760863
CsGeO3,0.6047356959999991,-1.282106946,67.14881807585644,6.269941171455406,0,1,1,1.0095478
CsGdO3,0.22936890199999901,-2.266336369,93.91437828700504,5.97903494369514,0,1,1,5.0001556
KTlO3,0.34001642800000004,-0.794923277,85.80387530056791,5.64092930918647,0,1,1,1.8942135
BeGaO3,1.084756912166665,-1.292278802,41.51241513065125,5.069464910461347,0,1,0,0.0583319
DyAlO3,0.141749852999998,-3.617029635,51.11631980728927,7.7146473955470825,2.9483,0,0,0.0001489
CsSnO3,0.275893913,-1.528053326,78.07496246650327,6.372339584282168,0,1,1,1.0001821
AgBO3,1.039755712499998,-0.546613989,42.26372548752631,6.548744367105115,0,1,1,1.9870728
CoTeO3,0.713515566499999,-0.733957116,53.98362278600855,7.214198003818167,0,1,1,0.3665543
KHfO3,0.044355651249992,-2.943229516,72.92743889412984,6.047336441525025,0,1,1,1.0001286
CdIrO3,0.46319841499999503,-0.831797829,61.77813947332076,9.478265062669584,0,1,1,1.0671558
HgIrO3,0.40191207849999905,-0.60864662,62.425585703929045,11.725548861199648,0,1,0,0.1733409
ZnOsO3,0.5631337199999951,-0.959266447,59.17670270509917,8.520269119854007,0,1,1,0.1581775
SnHgO3,0.33883970349999704,-1.179672493,67.99169860966235,8.970404073787693,0,1,0,0.0034075
HgOsO3,0.31646339499999704,-0.85115332,61.847082438291004,11.781877746005883,0,1,0,0.0022294
HfHgO3,0.29905115800000204,-2.36685846,70.07409939156388,10.1204302552704,0,1,0,0.016690299999999002
TiHgO3,0.23989173000000003,-2.118964534,60.29679039566384,8.164206384227668,0,1,0,0.0065701
SrIrO3,0.141754297999999,-1.892127165,63.90634971621028,8.518451756735805,0,1,0,0.0956451
HgRuO3,0.30147275250000105,-0.82714738,61.36490393041002,9.461778050129125,0,1,0,0.005139299999999
SiHgO3,0.49767305583333504,-1.720048744,49.22213362928917,9.333758081494263,0,1,0,0.0012399
HgRhO3,0.40934945250000004,-0.576046378,62.604160522924644,9.323166633630525,0,1,1,1.3911544
CdOsO3,0.35957308519999903,-1.034996829,61.29977114342224,9.498405606100683,0,1,0,0.034405899999999004
ZnIrO3,0.7629442669999991,-0.709951083,59.639716349152586,8.509445632291017,0,1,1,0.673495699999999
VHgO3,0.291137883375001,-1.500489614,57.7087725860362,8.618806919094467,0,1,1,0.813022599999999
HfCdO3,0.280328004499997,-2.670019159,68.82568084657431,8.176531700339828,0,1,0,0.003280099999999
HgGeO3,0.37525415250000005,-1.172762239,55.756540033335796,9.566805527650766,0,1,0,0.000283999999999
GePbO3,0.21775594300000903,-1.71147221,58.79294308872988,9.259412950330407,0,1,0,0.0001146
RbOsO3,0.09055916899999601,-1.520245183,62.76469020489101,8.563889217767022,0,1,0,0.0017219
VPbO3,0.124516472312494,-2.012154289,60.81770785843361,8.35869929314855,0,1,1,0.996292899999999
EuCoO3,0.281767473214285,-2.055794952,53.58753660007628,8.022498230674898,0,1,1,8.6335973
MnHgO3,0.30272734433333504,-1.044812403,58.70689215358241,8.585315438643036,0,1,1,3.4296805
SmNiO3,0.12265020300000001,-2.330298032,52.316773930654946,8.158840690326429,0,1,0,2.299999999999998e-06
AcBO3,0.7924727446666661,-2.475389555,51.54812640786059,9.206878605801688,0.8071,0,0,0.0001327
AcGaO3,0,-3.063252617,61.455078293307366,9.31449500321555,2.895900000000001,0,0,0
AcAlO3,0,-3.690019422,57.4514132376898,8.728230081866649,4.1024,0,0,0
AlIrO3,1.079925231749998,-1.200752051,49.1923229250551,9.019509478935857,0,1,0,0.0371911
AcNiO3,0,-2.455476575,58.35821779959113,9.494942767086057,0,1,0,2.6e-06
AcPdO3,0.008102040999999,-2.236955405,66.68667373916479,9.497547055496376,0,1,0,1.8900000000000002e-05
AcSiO3,0.47336186625000004,-2.868246384,62.5790478372491,8.042345508493089,0,1,0,0.000274
AlPbO3,0.22422391950000703,-2.191318703,56.3792677148114,8.311042316450266,0,1,0,0.0325802
AlAuO3,0.541741308499998,-1.400460893,53.21380497954464,8.486096191787198,0,1,1,2.0114009
AcVO3,0,-3.141069096,62.471313314162764,8.6637462299545,0,1,1,2.0000001
BAuO3,1.327223233666666,-0.300731619,42.75273889652396,9.934466602061132,0,1,1,1.9985059
BIrO3,1.6729221789166662,-0.293507755,39.84966404394991,10.460284216710495,0,1,0,0.0074702
BPtO3,1.507040760166672,-0.320351821,40.96458071752925,10.291807458038486,0,1,0,0.3293837
BaAuO3,0.19831959500000002,-1.464683951,74.70777290092101,8.49724724234547,0,1,0,0.0004405
BaPtO3,0.099315742266672,-1.712383319,70.864454291593,8.913980135863296,0,1,0,0.0006986
BaReO3,0.13636216450000802,-2.371119448,67.15769002397445,9.186494240340954,0,1,0,0.0077775
BaWO3,0.158416016499995,-2.463760293,72.21768246815921,8.488409149649463,0,1,1,2.0006923
BeBiO3,0.485461608999999,-1.631539188,49.584527008863695,8.907780541851858,0,1,1,1.0049679
BeHgO3,0.6030980154999981,-0.892067299,48.891748779920675,8.749032475961629,0,1,1,2.0005718
BeAuO3,0.8419790584999991,-0.62808996,45.53696457156541,9.261457216557636,0,1,0,0.005366
BeOsO3,1.301001644999995,-0.746181198,40.61822295294155,10.107589237169604,0,1,0,0.017113
BePtO3,1.081286179,-0.715818016,42.973749466219274,9.741122777998369,0,1,0,0.0007333999999990001
BiPtO3,0.548429729124995,-0.754705655,67.45428325640967,11.128538791158809,0,1,0,0.0024045
BeReO3,1.371134622166664,-1.008401835,41.22133224745682,9.797644628821834,0,1,1,2.2897129
BiMoO3,0.35392959500000104,-1.406245923,69.76336218902185,8.400327969313365,0,1,1,2.7578378
BePbO3,0.628855202,-1.392075338,48.72835290398645,9.003621812885386,0,1,0,0.0002042
CoAuO3,0.6235079452142851,-0.220394899,54.82851821037035,9.203867949631238,0,1,1,4.1288082
CeTaO3,0.35132431960606203,-3.053413314,66.66087960201669,9.193428072048935,0,1,1,1.6259545
CePuO3,0.555282606607137,-2.987861633,83.18430470359806,8.625936261526137,0,1,1,6.0018099
DyCuO3,0.225766218249999,-2.232829211,53.8174026175188,8.455649621541022,0,1,0,0.000404699999999
DyPaO3,0.9913032527999981,-2.821412929,79.95281100327924,9.170216529913105,0,1,1,1.9999704
DyRhO3,0.569480332999997,-2.012122925,61.17914549087616,8.506478527795034,0,1,0,0.026764299999999002
CsOsO3,0.241042682999998,-1.320445813,66.6889474096607,9.241140426525902,0,1,0,0.0180577
CsNpO3,0.08905128400001201,-2.981902243,84.66489357279501,8.196376452751363,0,1,1,2.000006
CuHgO3,0.332513582624999,-0.34744816,56.257612521104434,9.213171513943983,0,1,0,0.689176599999999
CuBiO3,0.172066310062501,-1.092523053,57.06920415385441,9.326284254314261,0,1,0,0.001544
CuPbO3,0.250703104499999,-0.917831335,58.10400510519205,9.109306585560445,0,1,0,0.002785299999999
ErBeO3,0.38202304149999905,-2.887666328,43.630608873692886,8.53547726852335,0,1,1,1.0005525
ErCuO3,0.27477319975000003,-2.203922849,53.403026653845295,8.669239076915824,0,1,0,0.0006659999999990001
ErIrO3,0.8266765342499981,-1.769272293,62.230624822273896,10.872891436715898,0,1,0,0.0001163
ErGaO3,0.382683968,-2.815616718,54.089007446067164,8.748926586965672,2.9153000000000002,0,0,0
ErTaO3,0.721276198613347,-2.784921232,65.10560203138375,10.105336456427127,0,1,0,0.000207
ErZnO3,0.459870695,-2.285035999,56.07202994545843,8.311758825701606,0,1,0,0.0002491
ErTlO3,0.583822038499999,-1.994943664,85.53295542,8.146911804794327,0,1,1,2.0279758
EuLuO3,0.549452066624997,-3.235025997,77.17786059059614,8.066880567105853,0,1,1,6.0079449
EuPbO3,0.42481014324999705,-1.999166594,78.6682649547427,8.594428006411011,0,1,1,6.8545549999999995
EuHgO3,0.571836682999999,-1.404772589,76.2428771504522,8.723865115951115,0,1,1,6.5805648
EuAuO3,0.475574181999999,-1.475938794,69.40281719206341,9.496959262589133,0,1,1,6.5049061
EuWO3,0.23594785674999802,-2.403138358,68.92906911488409,9.246005424573594,0,1,1,9.0000361
EuIrO3,0.39609971724999504,-1.89388834,64.50455212341306,10.095859304037548,0,1,1,6.1412399
GdCuO3,0.15927121600000202,-2.246362585,54.819729366320175,8.142018852244014,0,1,1,6.994289
GdErO3,0.734958887500001,-3.241294057,76.28684769568456,8.10838010579864,0.3657,0,1,7.001956
GdRhO3,0.424622490749998,-2.071613033,62.27826638278755,8.216369643660476,0,1,1,6.9836175
HoBO3,0.871064864999998,-2.685989058,41.8843783630594,8.870328944168055,2.6416,0,0,0.0013728
GeBiO3,0.423426929166665,-1.446279978,61.53209907785566,8.895268820351014,0,1,0,0.0010192
HfBeO3,0.766009567499999,-2.887019378,40.64850377274624,9.620466885977175,1.0495,0,0,2.8e-06
HfThO3,0.6684135252499971,-3.158203891,69.95265822570208,10.884515143589413,0,1,0,0.0307366
HoBeO3,0.36602788837500005,-2.888894155,45.22311094458824,8.149399686173764,0,1,1,0.978172199999999
HfBO3,1.335505468500004,-2.021541439,40.1803820086125,9.806890138288503,0,1,0,0.0001547
HfNpO3,0.35969367362500204,-3.132554205,69.98673726680191,10.996944464979247,0,1,1,4.9336937
HoCuO3,0.25242995368750104,-2.214273024,53.37861048446102,8.600762313082878,0,1,0,7.699999999999999e-06
InPtO3,0.768916963374997,-0.73374386,65.44390862037989,9.081170067199807,0,1,0,0.0014355
HoErO3,0.9088813988750011,-3.133445372,76.57044471496806,8.244907443646573,1.4474,0,0,0.0006508999999990001
InOsO3,0.46717973299999405,-1.134384352,62.72537273464162,9.346249880328054,0,1,0,0.0037362999999990005
HoRhO3,0.6007430140000051,-1.986696938,61.043607647563775,8.591476634200149,0,1,0,0.000433599999999
LaPtO3,0.42522581756250205,-2.015831274,68.38135116569364,9.276000520339739,0,1,0,0.0038353
LiYbO3,0.622048970875001,-2.036924314,46.057355026385224,8.219498661079026,0,1,1,1.9990082
LuAlO3,0.255492339750002,-3.549526354,49.724309536241876,8.346949970457588,3.1252,0,0,8.3e-06
LuGaO3,0.46455023099999804,-2.75538206,53.43810750805216,9.095011277478335,3.027399999999999,0,0,0
LuPdO3,0.6842253166249981,-1.75388977,62.275768249188445,8.782822082118303,0,1,0,0.0044716
LuNpO3,0.5750024781874961,-3.107431188,74.00526393698391,10.320754811804411,0.049299999999999004,0,1,3.999996
LuGeO3,0.811421797062525,-2.260620259,58.23110114881499,8.429584418052782,0,1,0,0.007672699999999001
LuReO3,0.986050596600005,-1.941358203,61.92415282345703,10.972236067625172,0,1,0,0.015264799999999001
CsTaO3,0.253415689863635,-2.775997584,71.1719581712204,8.442490841455836,1.862699999999999,0,0,0.0001853
MgUO3,0.6235247140000161,-2.842065498,55.435344139022334,9.295849070280466,0,1,1,2.0036245
MoPbO3,0.117750638812498,-1.683171409,69.30224559771202,8.413561405503058,0,1,1,2.0007218
NpAlO3,0.042764798062499006,-3.291052587,53.406004744739306,9.700305169972227,0,1,1,3.9994042
NiPtO3,1.242403566999998,0.19920757300000003,61.83793399368838,8.10360470965608,0,1,1,2.3932952
NbBiO3,0.42639618981578403,-1.999815811,69.41198791748614,8.370278615233202,0,1,0,0.000111699999999
NpHgO3,0.16150768749999803,-2.379468141,77.6902836757368,10.378880578496316,0,1,1,1.201394
NdTaO3,0.43785895121336005,-2.974960112,66.58145441296672,9.307297227030249,0,1,0,0.0020946
NdReO3,0.6074133945000051,-2.209266685,64.03615080453494,9.813618594340609,0,1,1,0.996350299999999
NpRuO3,0.7717826082499991,-1.860831009,62.217858564191054,10.303815387836424,0,1,1,3.0762274
NpMoO3,0.674409527500005,-2.092779537,65.25116984680244,9.694274670407033,0,1,1,1.2665071
NpSnO3,0.8209416810000001,-1.991661788,71.96212269995561,9.315640123650487,0,1,1,4.6474596
NpSiO3,0.6173401541666691,-2.525231757,54.13223823303124,9.604031385652947,0,1,1,4.6133301
NpTaO3,0.41800677632000305,-2.679753408,65.86447407961451,11.74717751232452,0,1,1,4.6130015
PaBeO3,0.45200992500000003,-3.202705434,46.95550918588978,10.186495244797232,0,1,1,0.999246
PaHgO3,0,-2.799456756,81.90972617319578,9.723320530190097,0,1,0,3.6700000000000004e-05
PaCoO3,0.6302286235000041,-2.292076873,54.1024933511181,10.373049902297106,0,1,1,0.989475
PaSiO3,1.00367619016667,-2.391746251,55.782551954834126,9.14235801045292,0,1,1,2.434966
PaTaO3,0.7367426743200001,-2.61386804,65.83394786941436,11.602190651338695,0,1,1,2.3953054
PaOsO3,1.164462956000001,-1.652130343,62.12604951273307,12.542747261475235,0,1,0,0.007580799999999
PuGaO3,0.26899824050000704,-2.583174226,58.10927082340733,10.336598193475862,0,1,1,4.9997973
PmWO3,0.555546558499999,-2.279003827,70.30692641341699,8.90032582576115,0,1,1,2.9679798
PrHfO3,0.22375293974999902,-3.449797213,70.23453716496483,8.686255885744457,0,1,0,0.0120956
PuMgO3,0.612902516000001,-2.698261396,56.08996317733968,9.364132025367192,0,1,1,4
PuInO3,0.6572246968888901,-2.103304676,71.40333675976989,9.46082107196941,0,1,1,5.0055607
PuPbO3,0.21449028581249602,-2.469338893,82.77001583757489,10.0149565599103,0,1,1,3.9732305
PuSbO3,0.656019841666667,-2.023732903,80.38123021840794,8.547538440992328,0,1,1,3.452201999999999
PuTiO3,0.08042102100000201,-3.223825307,60.121389727310586,9.386999278252842,0,1,1,5.6479283
SbAuO3,0.40225028316666306,-0.897682479,64.11512496108023,9.497927454465973,0,1,0,0.085594499999999
SbPbO3,0.17029225060937,-1.563771337,74.967601732332,8.349657760296937,0,1,0,7.6e-05
TaAgO3,0.045000392499996,-2.392283957,63.96976476254995,8.743087804133681,1.7306,0,0,6.599999999999999e-06
SrPtO3,0.159764869749999,-1.700283457,67.0436533800309,8.19084126274852,0,1,0,0.0006944
SrReO3,0.126408216933336,-2.399926248,63.851842473577,8.369426730912323,0,1,0,0.0008968
TaInO3,0.178475823777782,-2.506883888,67.27805888471052,8.484693137654336,0,1,0,2.899999999999999e-06
TbCuO3,0.16570828950000102,-2.251320996,54.13507164738998,8.296382371600236,0,1,0,0.0011721
TbErO3,0.825933458875001,-3.193704126,76.75262073438618,8.095420538997141,1.7284000000000002,0,0,4.0900000000000005e-05
TbNiO3,0.19866850399999902,-2.294719268,52.25900745238172,8.440024863236033,0,1,1,1.0005355
TbOsO3,0.726862456333325,-1.880185856,62.269216857666834,10.59093109716342,0,1,0,0.0172411
ThBO3,1.189993245156252,-2.389358027,49.922780730192386,9.674205454494647,0,1,0,0.0006973999999990001
ThBeO3,0.40292563899999906,-3.458890786,48.99965010566739,9.79550321371273,2.696799999999999,0,0,1.5700000000000002e-05
ThSiO3,1.108246121500002,-2.497889905,58.593404576833066,8.7321810952055,0,1,0,0.0331334
ThPdO3,0.933890280999995,-2.002714385,66.22347133013452,9.690306236938596,0,1,0,0.0082782
ThWO3,1.138614586500001,-2.093059475,70.70192979791614,10.894817920811578,0,1,1,2.5148761
ThMoO3,0.948727141500002,-2.278413519,69.39050638341453,8.997243288505276,0,1,1,2.3568923
YbTaO3,0.8827396511133541,-2.523844562,63.34264271803532,10.538139260162794,0,1,0,3.7e-06
YbPtO3,0.9244611492499991,-1.39672619,63.316917839497954,10.913152332069002,0,1,0,3.08e-05
TlGaO3,0.43010489099999805,-1.254612097,59.724888506857425,8.955514512450666,0,1,0,0.1454337
TlCuO3,0.31950305712499905,-0.656654346,56.751354716769065,9.244007629094678,0,1,0,0.0034613
YbWO3,0.951889923749998,-2.004820586,61.36772489668335,10.955531909429215,0,1,0,0.0019334999999990003
ThCuO3,0.530382224000002,-2.467409857,57.88331164717667,9.856584723388869,0,1,0,0.00022459999999900002
TlBO3,1.110085281166665,-0.839161528,44.17078148014977,9.894355808092861,0,1,0,0.0018869
YbSnO3,1.047654392499996,-1.824611464,67.42555418400103,8.367230580967137,1.7074999999999991,0,0,0.0003684
YbSiO3,0.9078299743125001,-2.557344827,47.896258007946656,8.636992814705966,4.068899999999999,0,0,2e-07
YbTcO3,0.7427293312499931,-2.040511514,59.734170062156586,8.86888349309088,0,1,1,2.0613838
TlSiO3,0.5353082440000041,-1.860338148,50.85047420789469,9.158742718662724,0,1,0,0.0012686
TlHgO3,0.6046997844999981,-0.199541862,77.36541033597288,9.722392326750954,0,1,0,0.0003369
TlGeO3,0.357614411562501,-1.366286371,57.634793859463905,9.364324257859888,0,1,0,0.0013357
YbReO3,1.012890438249986,-1.719893511,60.62195365801589,11.155143037788124,0,1,0,0.011335699999999001
YbPuO3,1.219361266,-2.567013734,79.98423801174867,9.654578423912914,0,1,1,4.718122
ThReO3,1.098486394333335,-2.091384777,64.07673464732868,12.082624872040318,0,1,0,0.010163
YbGaO3,0.39801374174999804,-2.672650508,53.58790293782371,9.009875460357096,0,1,0,0
YbCuO3,0.31660374218750104,-2.031362008,51.1109793359422,9.245825221446939,0,1,0,5.799999999999999e-06
YbCdO3,1.0892067513749981,-1.434558122,67.22070115086764,8.23712656736205,0,1,0,0
YbInO3,0.8942162628750011,-2.06029174,67.31772290900678,8.284628724201914,0,1,0,0
YbPdO3,0.6579003947500011,-1.617355072,59.980048031809936,9.065633516834446,0,1,0,2e-07
YbCrO3,0.378741857749999,-2.850292884,53.622082005237736,8.455175642517915,0,1,1,3
YbNdO3,0.493810736500002,-3.363809464,73.65118249533525,8.235604939457398,0,1,0,0
YbNbO3,0.8623832626111181,-2.422019406,64.95432197546498,8.025905343669736,0,1,0,9.12e-05
YbNiO3,0.263503927291669,-2.267912244,49.6181154049852,9.361606062044327,0,1,0,0.007104099999999
TlWO3,0.15775196400000202,-1.642345368,67.77767792105595,10.687336371785316,0,1,1,1.0009275
TlTcO3,0.035979122291665,-1.501989771,63.556834845711684,9.154360351271718,0,1,0,0.0003283
TmGeO3,0.753880910374999,-2.306310488,58.73100332958047,8.187265194775403,0,1,0,0.0005432
UPdO3,0.441087706000004,-2.448655745,74.63127625787703,8.731912281353836,0.6282000000000001,0,0,0.002304499999999
YbEuO3,0.44238159325000104,-3.095093227,74.668272780079,8.29515270631778,0,1,1,6.0000003
UTiO3,0.307579281999979,-3.105869774,60.35636391639875,9.186176531949698,0,1,1,3.2180254
VBiO3,0.27371001112500104,-1.814427443,61.15148173351132,8.361422175665389,0,1,1,1.9179222
UHgO3,0.24559588750000202,-2.644147564,78.90639189116675,10.240573700867028,0,1,1,0.0345561
VOsO3,1.082910720000005,-0.833590447,59.878485316366636,8.01920057245928,0,1,1,2.0979584
UBeO3,0.43902614499997805,-3.05238272,45.87033247113277,10.680634827670481,0,1,1,2.0002984
USiO3,0.7788711141666711,-2.453244833,54.68087788655943,9.538915254776812,0,1,1,3.5260294
UReO3,1.064419664777789,-1.845745087,63.10483032393257,12.42635760544446,0,1,1,1.882063
UIrO3,1.3472013400000171,-1.542542111,64.44878895065206,12.322078365730297,0,1,1,2.7850749
UTcO3,0.8924897282500021,-2.016279138,62.43743604560292,10.21329604762661,0,1,1,1.3279553
UBO3,0.9734987449791651,-2.221621749,46.18361720936252,10.672859942438274,0,1,1,2.8670162
YbZnO3,0.5752600693750011,-2.107668983,53.55546376489233,8.881573096002107,0,1,0,0.0025166
YbBeO3,0.5098551063750011,-2.717871337,42.78656336539638,8.928215228105978,0,1,1,1.0000016
YbAuO3,0.9985922152499991,-1.103374908,66.95613126911024,10.366686900708569,0,1,0,0
PuNiO3,0.515832346999996,-2.067242017,53.90057700340984,10.803912212138673,0,1,1,6.0061753
DyBiO3,1.138721270000001,-1.684665227,86.47783908075132,8.054787334038725,0,1,0,0.0003205
LaTaO3,0.33641021021335804,-3.129005053,67.56898400289603,9.040122158092277,0,1,0,0.0008774
TiPbO3,0.041221745999997006,-2.68936804,62.52581792285582,8.048700857425851,1.585,0,0,0.0001673
CrPbO3,0.15658225600001102,-1.738003189,60.100719885198174,8.487554511181017,0,1,1,2.0004248
HfPbO3,0.040636742312496005,-2.959238817,71.75693874710115,10.036049633632498,2.414899999999999,0,0,0
SmCoO3,0.130553110999887,-2.436943344,53.02909578224753,8.056754628664423,0.8039000000000001,0,0,6.799999999999997e-06
GaBiO3,0.22770766750000102,-1.737794798,57.19787170815708,9.484632097654773,1.2244,0,0,0
AlBiO3,0.12160923424999501,-2.432236615,54.31911150734789,8.680681447425108,1.585999999999999,0,0,3.66e-05
PuCuO3,0.471741007999987,-2.001217213,55.87514304904544,10.566327024609377,0,1,1,4.5503232
MnPbO3,0.11387471988466201,-1.601353853,59.98921218214787,8.58476602805571,0,1,1,3.0018107
InBiO3,0.496026063000001,-1.321871238,72.65678089350268,8.497249279925953,0.045199999999999005,0,0,4.4e-06
TlIO3,0.243994853999999,-0.724894481,76.7475819762978,8.206371515297834,0,1,0,0.0006661
FeBiO3,0.255312755000002,-1.419096529,122.78943566765976,8.460920207507165,0,1,1,9.9995794
BaIrO3,0.14323426162501102,-1.879881157,67.78231600459345,9.249072757378565,0,1,0,0.003885
BaPuO3,0.024340283999991,-3.319721611,84.09111734321918,8.47784271870357,0,1,1,4
EuHfO3,0,-3.719666126,68.80440725408809,9.133639660900897,0.479599999999999,0,1,6.9999999
BaTaO3,0.03255764930669,-3.269091094,70.48829628052674,8.628535380730046,0,1,0,0.0012411
YbAlO3,0.183687583249998,-3.517546152,48.36626810038604,8.515159043869518,0,1,0,0
BaOsO3,0.08043483300000001,-2.039047281,67.13281089520898,9.289408158973453,0,1,1,1.0745095
TaSnO3,0.324955825000008,-2.360063697,67.54808347028872,8.546452732962305,0,1,0,0.0013352
BaNpO3,0,-3.376933663,85.63207796094373,8.18954193461837,0,1,1,3.0000002
AcFeO3,0,-2.771539466,61.79731063258672,8.889999465919495,0.9887999999999991,0,1,4.2542759
TaTlO3,0.10736485475000201,-2.576722779,68.05963814461339,10.572497647822221,0.6811,0,0,4.6700000000000003e-05
PaTlO3,0,-3.167280824,83.82164361680597,9.576684616602673,2.6427,0,0,0
AcCuO3,0,-2.422892424,59.92938665681022,9.380470938074593,0,1,0,1.6e-06
AcMnO3,0,-2.973630023,62.241398829787876,8.802373253340264,0,1,1,3.9999934
UTlO3,0,-2.938777098,80.91677642495134,10.063990194018816,0.2736,0,1,1
CsUO3,0.021469604000012,-3.216834693,86.082677427204,8.081229651506295,0.45710000000000006,0,1,0.9998264
YbGeO3,0.785596232999996,-2.069818868,56.034801218581485,8.702879523146335,1.015699999999999,0,0,0.00021319999999900002
AcTiO3,0,-3.607635738,63.7995700747627,8.403352518165326,0,1,0,0.160968299999999
AcCrO3,0,-3.13897213,61.36284504026082,8.848788046728616,2.0031,0,1,2.9999997
SrOsO3,0.09691866781818101,-2.066363067,63.63388435567394,8.503074601842126,0,1,1,1.0549489
ZnAuO3,0.791294254,-0.153992089,60.89549963874947,8.463478774783361,0,1,1,2.764914199999999
ZnBiO3,0.380419599999999,-1.211798521,59.84143837094604,8.945928088642482,0,1,0,0.000469399999999
YbTmO3,1.060045350874997,-2.978987808,72.51741112809172,8.929778540457294,0,1,0,0
VPtO3,0.8465754645000041,-0.956279399,55.45191986776771,8.804705797753165,0,1,1,0.9984346
TaBeO3,1.008994493106669,-2.106223181,40.058489189736044,9.8640512476562,0,1,0,0.001707999999999
ZrOsO3,1.459629599000003,-1.231561315,60.52754994516142,9.038334595947893,0,1,0,0.0002649
UAlO3,0.173777164850612,-3.236607311,53.437919809877734,9.726484321118647,0,1,1,3.0021106
TmBeO3,0.40141804875000003,-2.884760724,44.23705371244032,8.481347431994259,0,1,1,0.9608414999999991
SiBiO3,0.722310423999985,-1.820326181,54.81423140456447,8.63571489384692,0,1,0,0.0005132
LuUO3,0.7046519252701591,-3.04919804,73.67166685696586,10.390680186641083,0,1,1,3
FePbO3,0.198250186250003,-1.356685949,61.514987243627175,8.396317842913724,0,1,1,4.0622893
LuSiO3,0.87801737687499,-2.71563901,49.85358501080958,8.362076567951654,0,1,0,0.0019206
LuRhO3,0.7235573885000001,-1.8884894,60.42244361076046,8.955629658015384,0,1,0,0.0009555999999990001
PaBO3,1.126952342979164,-2.231474645,47.41571950860314,10.150622696223666,0,1,1,1.7489974
NpOsO3,0.9734432960000011,-1.642031167,63.208168245276845,12.484699581671002,0,1,1,3.569908899999999
NpBeO3,0.432417750999999,-2.969447078,45.490614274963896,10.732229781422904,0,1,1,2.9985094
NiPbO3,0.36695846999999904,-0.922363727,55.33047026641992,9.420293410987233,0,1,1,0.736821699999999
RuPbO3,0.17602303197916402,-1.305190313,64.0068642453909,9.24271593776542,0,1,1,1.7783615
ReTeO3,0.794627098666666,-0.912964105,64.26344866098869,9.34888621163804,0,1,0,0.104775
ReSbO3,0.6040472785000001,-1.133369952,63.548617356216845,9.301447388489194,0,1,0,0.0113814
ReBiO3,0.5042800953749991,-1.210774598,65.13167751772735,11.299064151299625,0,1,0,0.0322649
RbReO3,0.146810710426466,-1.973228657,63.238020189559734,8.394151231269237,0,1,0,0.000248399999999
RbIrO3,0.044315119,-1.205418011,64.44276112195803,8.392088349597639,0,1,1,1.2001501
PuBO3,0.7867055536666671,-2.264849113,45.229927574695196,11.117119422654332,0,1,1,4.9661100000000005
PuPtO3,0.8616949345000041,-1.523519267,66.65422143645642,12.134550602268721,0,1,1,5.1981661
PuIrO3,1.396932767500001,-1.077175329,70.66977267988912,11.377682787854042,0,1,0,0.0073069
EuPtO3,0.411219744,-1.74320679,67.25453921150796,9.75383455009428,0,1,1,6.4267308
EuReO3,0.254660152346152,-2.352689649,64.0656384268225,10.009250803769334,0,1,1,6.6650171
NpBO3,0.843248484979165,-2.262327973,45.70062729266607,10.748271127965891,0,1,1,3.9201056
NpTiO3,0.17949956,-3.144405459,60.159657548892305,9.187812747477974,0,1,1,4.2813682
NpTcO3,0.684869141750006,-2.040862776,62.79440236587778,10.128028129511602,0,1,1,2.4492994
EuOsO3,0.28726596400000404,-2.039850706,63.46142186546037,10.209815231625683,0,1,1,5.7933101
NbTlO3,0.090674097249999,-2.362471506,69.35312692633802,8.267313088456405,0.1116,0,0,0.0005009999999990001
SiPbO3,0.42395193916669605,-2.171974545,52.65754671539653,8.93326180430379,1.184799999999999,0,0,0.0006146
SnPbO3,0.11675427349999601,-1.760990872,70.32588763341295,8.828742790401577,1.0389,0,0,0.0012709
YOsO3,0.734620989874997,-1.846845363,62.30532592089454,8.718658670203752,0,1,0,0.012978199999999001
SmPuO3,0.733932247125007,-2.849570498,82.5192836183423,8.90159294072665,0,1,1,4.8867867
PbAuO3,0.329485498333334,-0.602920519,71.41118537597386,10.514280914279322,0,1,0,0.0006575
CsIrO3,0.217758143499997,-1.048420377,68.60262261525105,9.031453833916114,0,1,1,1.076199
BOsO3,1.7791229256666652,-0.224435621,39.56185275227554,10.45298164634174,0,1,0,0.0104592
BPbO3,1.079543921428557,-1.063800783,45.34560992453003,9.741156187118827,0,1,0,2.13e-05
BaHfO3,0,-3.786714651,72.50319461578196,8.332451498508037,3.5394,0,0,0
